loan_id,customer_id,branch_id,loan_type,loan_amount,interest_rate,tenure_months,disbursement_date,loan_status,purpose
LN00001,CUST00133,BR012,Home Loan,1782181,8.95,180,2023-09-20,Closed,Renovation
LN00002,CUST00485,BR001,Business Loan,4771595,12.61,12,2024-11-23,Active,Equipment
LN00003,CUST00419,BR002,Home Loan,6824727,9.33,240,2021-09-01,Closed,Purchase
LN00004,CUST00121,BR006,Personal Loan,221059,12.06,36,2021-03-24,Active,Travel
LN00005,CUST00147,BR003,Education Loan,1260863,9.53,60,2022-08-26,Active,Study Abroad
LN00006,CUST00188,BR014,Home Loan,6959098,9.35,240,2025-12-26,Active,Renovation
LN00007,CUST00046,BR007,Personal Loan,315066,12.18,12,2024-01-27,Active,Debt Consolidation
LN00008,CUST00487,BR014,Auto Loan,1214683,9.69,60,2022-11-23,Closed,New Car
LN00009,CUST00461,BR011,Business Loan,4166287,11.98,84,2024-07-27,Active,Expansion
LN00010,CUST00420,BR007,Home Loan,5839074,8.14,240,2021-07-02,Closed,Purchase
LN00011,CUST00454,BR012,Education Loan,1285332,9.63,60,2024-01-13,Active,Study Abroad
LN00012,CUST00317,BR009,Auto Loan,962591,9.42,36,2024-12-19,Active,New Car
LN00013,CUST00555,BR010,Auto Loan,1157935,11.16,24,2022-01-30,Defaulted,New Car
LN00014,CUST00020,BR002,Education Loan,511805,8.74,48,2025-03-18,Active,Domestic Study
LN00015,CUST00594,BR008,Education Loan,144913,10.1,60,2025-05-31,Active,Domestic Study
LN00016,CUST00047,BR008,Business Loan,3153341,12.41,84,2022-10-19,Active,Working Capital
LN00017,CUST00541,BR006,Personal Loan,223960,12.95,24,2023-04-30,Active,Debt Consolidation
LN00018,CUST00293,BR003,Personal Loan,495857,13.48,12,2021-07-23,Active,Wedding
LN00019,CUST00418,BR011,Personal Loan,790839,11.68,12,2021-11-12,Active,Wedding
LN00020,CUST00060,BR005,Home Loan,6018439,8.61,240,2022-01-07,Active,Construction
LN00021,CUST00265,BR007,Home Loan,4283297,9.08,180,2023-04-26,Closed,Purchase
LN00022,CUST00243,BR008,Home Loan,6000834,9.49,180,2025-03-21,Closed,Renovation
LN00023,CUST00326,BR008,Business Loan,903453,10.86,60,2021-08-24,Active,Equipment
LN00024,CUST00240,BR015,Personal Loan,593254,13.89,48,2021-03-01,Active,Medical
LN00025,CUST00569,BR011,Personal Loan,255620,11.4,60,2024-10-14,Active,Wedding
LN00026,CUST00513,BR004,Personal Loan,114243,15.47,48,2023-07-03,Active,Wedding
LN00027,CUST00434,BR015,Personal Loan,193900,12.62,24,2025-05-21,Active,Debt Consolidation
LN00028,CUST00172,BR001,Home Loan,2973266,8.53,360,2025-08-26,Closed,Purchase
LN00029,CUST00390,BR006,Education Loan,231905,9.8,84,2022-07-14,Closed,Domestic Study
LN00030,CUST00547,BR010,Auto Loan,287896,11.0,48,2021-04-04,Active,New Car
LN00031,CUST00144,BR012,Personal Loan,225284,13.7,48,2024-12-01,Active,Travel
LN00032,CUST00326,BR015,Business Loan,4436371,12.78,24,2024-06-04,Active,Equipment
LN00033,CUST00280,BR004,Education Loan,1112619,9.31,60,2025-03-22,Closed,Study Abroad
LN00034,CUST00137,BR011,Personal Loan,299751,14.35,48,2024-05-12,Active,Medical
LN00035,CUST00424,BR009,Auto Loan,1492381,10.65,24,2021-01-20,Closed,Used Car
LN00036,CUST00080,BR009,Business Loan,2921582,13.06,84,2021-06-16,Closed,Working Capital
LN00037,CUST00386,BR014,Business Loan,2486466,10.71,60,2024-10-08,Active,Equipment
LN00038,CUST00009,BR002,Personal Loan,471722,15.79,24,2025-09-15,Closed,Debt Consolidation
LN00039,CUST00021,BR013,Personal Loan,181477,14.45,24,2023-06-30,Active,Travel
LN00040,CUST00311,BR013,Auto Loan,461213,10.34,48,2022-01-28,Active,New Car
LN00041,CUST00505,BR015,Home Loan,2128396,8.68,360,2023-01-14,Active,Renovation
LN00042,CUST00406,BR002,Auto Loan,1183012,9.87,36,2021-01-15,Active,Used Car
LN00043,CUST00580,BR011,Auto Loan,1064385,10.99,60,2021-12-16,Closed,New Car
LN00044,CUST00266,BR015,Home Loan,7526655,8.35,180,2025-03-08,Active,Renovation
LN00045,CUST00197,BR014,Business Loan,2176784,11.03,84,2025-02-01,Closed,Equipment
LN00046,CUST00465,BR001,Home Loan,7951142,9.39,240,2024-10-26,Closed,Construction
LN00047,CUST00443,BR014,Auto Loan,901944,11.11,24,2025-10-15,Defaulted,Used Car
LN00048,CUST00530,BR013,Personal Loan,440718,14.12,60,2023-08-14,Active,Medical
LN00049,CUST00431,BR009,Business Loan,718884,13.14,24,2021-04-07,Active,Expansion
LN00050,CUST00586,BR013,Personal Loan,145785,15.13,48,2022-02-03,Active,Medical
LN00051,CUST00077,BR015,Education Loan,1585853,10.27,48,2024-11-13,Active,Domestic Study
LN00052,CUST00100,BR001,Home Loan,1735042,8.45,240,2022-09-29,Active,Construction
LN00053,CUST00343,BR014,Personal Loan,247334,12.8,12,2024-04-28,Closed,Travel
LN00054,CUST00056,BR014,Home Loan,2069677,9.41,360,2022-05-04,Defaulted,Construction
LN00055,CUST00450,BR013,Personal Loan,465351,12.53,24,2021-05-30,Closed,Medical
LN00056,CUST00035,BR007,Auto Loan,716075,10.12,24,2021-06-25,Defaulted,Used Car
LN00057,CUST00453,BR001,Business Loan,3122793,12.3,12,2025-05-22,Active,Expansion
LN00058,CUST00058,BR009,Auto Loan,1395209,10.24,60,2021-05-15,Active,New Car
LN00059,CUST00421,BR004,Personal Loan,794118,15.26,48,2023-04-03,Active,Medical
LN00060,CUST00104,BR006,Personal Loan,206382,15.65,48,2025-06-17,Active,Medical
LN00061,CUST00106,BR001,Personal Loan,137274,15.09,36,2024-04-18,Active,Medical
LN00062,CUST00522,BR005,Auto Loan,694810,11.19,36,2024-03-19,Active,Used Car
LN00063,CUST00141,BR013,Personal Loan,701042,15.03,60,2023-06-30,Active,Medical
LN00064,CUST00367,BR005,Home Loan,6635197,8.46,240,2024-04-12,Active,Renovation
LN00065,CUST00352,BR005,Business Loan,680320,11.91,24,2021-10-29,Active,Expansion
LN00066,CUST00573,BR014,Education Loan,429696,10.24,48,2021-04-28,Active,Domestic Study
LN00067,CUST00207,BR013,Personal Loan,309574,15.88,24,2022-02-15,Closed,Medical
LN00068,CUST00479,BR010,Personal Loan,530729,15.11,48,2024-11-23,Closed,Travel
LN00069,CUST00429,BR006,Business Loan,922865,13.52,84,2022-11-19,Closed,Working Capital
LN00070,CUST00004,BR011,Home Loan,7497921,8.73,120,2023-10-13,Active,Purchase
LN00071,CUST00493,BR012,Auto Loan,988128,10.91,60,2024-07-01,Active,Used Car
LN00072,CUST00007,BR006,Business Loan,1121741,12.26,60,2022-02-25,Active,Working Capital
LN00073,CUST00298,BR008,Home Loan,4091309,8.22,120,2024-02-11,Active,Purchase
LN00074,CUST00204,BR004,Auto Loan,677794,9.17,48,2021-03-31,Defaulted,Used Car
LN00075,CUST00568,BR004,Home Loan,1667777,8.2,240,2025-01-12,Active,Purchase
LN00076,CUST00104,BR001,Home Loan,7760248,8.82,180,2025-09-23,Active,Renovation
LN00077,CUST00313,BR008,Home Loan,7777844,8.65,120,2022-11-25,Defaulted,Purchase
LN00078,CUST00540,BR013,Personal Loan,283862,13.53,36,2024-09-15,Active,Debt Consolidation
LN00079,CUST00134,BR013,Business Loan,2365704,10.87,12,2021-08-31,Active,Working Capital
LN00080,CUST00440,BR011,Home Loan,5665371,8.32,360,2024-11-23,Active,Purchase
LN00081,CUST00153,BR006,Education Loan,1277217,10.13,48,2025-10-16,Active,Domestic Study
LN00082,CUST00521,BR010,Home Loan,2488161,8.09,240,2025-11-23,Active,Construction
LN00083,CUST00067,BR003,Home Loan,6574950,8.69,120,2025-05-26,Active,Renovation
LN00084,CUST00476,BR003,Personal Loan,93622,15.97,60,2023-02-06,Active,Travel
LN00085,CUST00486,BR005,Auto Loan,275114,10.74,60,2025-01-05,Defaulted,Used Car
LN00086,CUST00208,BR008,Auto Loan,1478782,9.6,24,2022-03-01,Active,New Car
LN00087,CUST00586,BR003,Personal Loan,156687,11.61,36,2023-05-21,Closed,Travel
LN00088,CUST00303,BR008,Personal Loan,277456,11.51,12,2021-10-03,Closed,Travel
LN00089,CUST00345,BR007,Home Loan,5999048,8.09,120,2023-08-11,Active,Construction
LN00090,CUST00325,BR005,Personal Loan,432066,15.98,48,2023-01-23,Closed,Debt Consolidation
LN00091,CUST00078,BR006,Home Loan,6790806,8.92,360,2022-04-24,Active,Purchase
LN00092,CUST00081,BR013,Personal Loan,279690,14.12,60,2023-11-17,Active,Travel
LN00093,CUST00040,BR009,Education Loan,1101378,9.57,36,2021-08-31,Active,Domestic Study
LN00094,CUST00282,BR004,Personal Loan,148032,15.43,36,2022-05-28,Active,Wedding
LN00095,CUST00289,BR014,Education Loan,954590,8.99,60,2021-01-18,Closed,Study Abroad
LN00096,CUST00013,BR008,Business Loan,2028468,11.95,60,2023-04-11,Closed,Equipment
LN00097,CUST00233,BR012,Personal Loan,670653,14.67,24,2025-11-08,Active,Wedding
LN00098,CUST00480,BR012,Personal Loan,626978,11.06,60,2024-04-17,Closed,Debt Consolidation
LN00099,CUST00440,BR013,Personal Loan,362115,13.41,12,2022-10-04,Closed,Debt Consolidation
LN00100,CUST00384,BR003,Home Loan,1624749,8.39,360,2025-10-13,Closed,Renovation
LN00101,CUST00364,BR006,Business Loan,3873362,10.98,36,2025-02-20,Active,Working Capital
LN00102,CUST00551,BR005,Personal Loan,451482,12.08,48,2025-04-12,Closed,Travel
LN00103,CUST00339,BR010,Auto Loan,215757,9.6,24,2021-10-12,Active,Used Car
LN00104,CUST00396,BR004,Education Loan,1954160,10.5,48,2023-03-12,Active,Study Abroad
LN00105,CUST00096,BR003,Home Loan,7737248,8.73,360,2024-08-01,Closed,Purchase
LN00106,CUST00501,BR001,Auto Loan,342657,10.37,36,2021-03-07,Closed,New Car
LN00107,CUST00299,BR011,Home Loan,4453452,9.27,360,2022-08-05,Active,Renovation
LN00108,CUST00176,BR006,Home Loan,2137536,8.73,120,2023-01-25,Active,Construction
LN00109,CUST00490,BR012,Personal Loan,162536,12.62,12,2021-09-22,Active,Medical
LN00110,CUST00318,BR007,Personal Loan,603017,13.38,24,2021-09-24,Closed,Debt Consolidation
LN00111,CUST00470,BR005,Home Loan,3943273,8.59,240,2024-04-18,Active,Purchase
LN00112,CUST00409,BR010,Home Loan,4486403,9.18,180,2023-07-02,Active,Purchase
LN00113,CUST00474,BR010,Personal Loan,719063,15.78,60,2025-12-06,Active,Medical
LN00114,CUST00468,BR006,Auto Loan,1222974,9.79,48,2024-08-16,Closed,Used Car
LN00115,CUST00443,BR008,Personal Loan,566101,13.19,24,2023-05-01,Active,Debt Consolidation
LN00116,CUST00403,BR012,Education Loan,583874,10.6,48,2024-12-01,Closed,Domestic Study
LN00117,CUST00551,BR005,Home Loan,1749771,9.35,180,2022-07-15,Closed,Renovation
LN00118,CUST00567,BR002,Education Loan,976807,10.09,48,2023-10-08,Active,Study Abroad
LN00119,CUST00334,BR007,Home Loan,5785800,9.34,120,2023-10-31,Closed,Construction
LN00120,CUST00028,BR002,Home Loan,5638352,8.92,180,2023-11-03,Active,Renovation
LN00121,CUST00409,BR014,Auto Loan,286647,10.3,60,2023-02-20,Active,New Car
LN00122,CUST00140,BR006,Personal Loan,162626,14.69,12,2022-05-29,Active,Debt Consolidation
LN00123,CUST00249,BR012,Personal Loan,434166,14.4,12,2021-06-19,Active,Debt Consolidation
LN00124,CUST00019,BR010,Home Loan,1770873,8.13,240,2025-09-20,Active,Purchase
LN00125,CUST00173,BR002,Home Loan,6156102,8.11,120,2023-12-31,Closed,Renovation
LN00126,CUST00183,BR004,Business Loan,634906,10.54,36,2021-11-11,Active,Equipment
LN00127,CUST00536,BR011,Home Loan,7717259,9.11,180,2023-06-25,Closed,Renovation
LN00128,CUST00455,BR001,Auto Loan,659226,9.74,24,2023-03-11,Closed,New Car
LN00129,CUST00256,BR006,Home Loan,3773070,9.16,360,2025-04-21,Active,Purchase
LN00130,CUST00015,BR006,Home Loan,5798908,8.28,120,2023-05-14,Active,Purchase
LN00131,CUST00099,BR013,Auto Loan,426342,9.25,24,2022-03-28,Defaulted,New Car
LN00132,CUST00335,BR006,Auto Loan,1058393,10.91,24,2023-05-02,Active,New Car
LN00133,CUST00219,BR002,Auto Loan,544560,9.05,60,2023-05-27,Active,Used Car
LN00134,CUST00013,BR007,Personal Loan,111628,15.84,12,2023-04-04,Closed,Wedding
LN00135,CUST00378,BR001,Personal Loan,271583,14.85,12,2024-09-09,Closed,Medical
LN00136,CUST00512,BR002,Business Loan,3235918,11.84,60,2022-09-10,Closed,Equipment
LN00137,CUST00098,BR010,Personal Loan,204265,11.61,60,2021-12-18,Active,Travel
LN00138,CUST00137,BR006,Education Loan,1268524,10.44,84,2024-10-20,Defaulted,Domestic Study
LN00139,CUST00070,BR006,Auto Loan,1037075,10.33,48,2025-10-10,Closed,New Car
LN00140,CUST00239,BR009,Auto Loan,254536,11.42,60,2023-02-23,Active,New Car
LN00141,CUST00439,BR013,Home Loan,6691642,8.44,120,2022-09-25,Active,Purchase
LN00142,CUST00304,BR004,Auto Loan,1473961,10.5,24,2021-10-09,Active,New Car
LN00143,CUST00455,BR012,Personal Loan,486816,14.74,12,2022-05-03,Defaulted,Travel
LN00144,CUST00041,BR009,Home Loan,6776503,8.98,240,2024-08-11,Closed,Construction
LN00145,CUST00340,BR006,Auto Loan,366524,9.85,48,2025-03-18,Active,New Car
LN00146,CUST00228,BR010,Home Loan,7532543,8.34,120,2024-09-23,Defaulted,Construction
LN00147,CUST00067,BR014,Personal Loan,329125,13.16,24,2023-06-25,Closed,Debt Consolidation
LN00148,CUST00145,BR004,Home Loan,4356132,8.92,180,2021-04-17,Closed,Purchase
LN00149,CUST00437,BR012,Home Loan,7629992,8.36,180,2022-04-29,Active,Construction
LN00150,CUST00255,BR005,Personal Loan,141126,11.99,24,2022-05-17,Active,Travel
LN00151,CUST00493,BR002,Auto Loan,1353002,10.61,36,2022-07-11,Closed,Used Car
LN00152,CUST00518,BR010,Personal Loan,264430,15.08,24,2023-08-23,Active,Debt Consolidation
LN00153,CUST00438,BR014,Business Loan,4348438,13.46,60,2021-02-10,Closed,Working Capital
LN00154,CUST00567,BR012,Business Loan,4618954,11.38,36,2024-05-03,Active,Working Capital
LN00155,CUST00385,BR009,Personal Loan,616281,13.3,48,2022-09-19,Active,Debt Consolidation
LN00156,CUST00159,BR015,Home Loan,6972990,9.09,180,2025-01-04,Active,Purchase
LN00157,CUST00426,BR007,Home Loan,6546908,8.98,240,2023-10-04,Active,Renovation
LN00158,CUST00073,BR007,Personal Loan,183071,13.73,48,2022-09-23,Closed,Medical
LN00159,CUST00167,BR004,Education Loan,1970872,10.84,36,2023-02-28,Defaulted,Study Abroad
LN00160,CUST00378,BR012,Education Loan,182030,8.91,60,2023-11-10,Closed,Domestic Study
LN00161,CUST00490,BR001,Auto Loan,371247,10.81,60,2025-02-15,Active,Used Car
LN00162,CUST00152,BR005,Auto Loan,1263120,9.53,24,2024-11-29,Closed,Used Car
LN00163,CUST00593,BR011,Education Loan,1061120,10.6,48,2022-06-05,Active,Domestic Study
LN00164,CUST00394,BR007,Home Loan,6263210,8.81,120,2024-08-12,Closed,Renovation
LN00165,CUST00434,BR003,Auto Loan,967451,10.27,24,2023-11-28,Defaulted,Used Car
LN00166,CUST00392,BR010,Personal Loan,273161,13.83,36,2023-10-23,Defaulted,Travel
LN00167,CUST00353,BR014,Auto Loan,1095550,11.18,24,2021-08-12,Closed,New Car
LN00168,CUST00316,BR001,Personal Loan,527218,14.81,24,2025-03-13,Active,Wedding
LN00169,CUST00428,BR009,Business Loan,1052336,12.12,12,2021-07-18,Active,Expansion
LN00170,CUST00191,BR012,Auto Loan,212131,9.62,60,2021-12-16,Active,New Car
LN00171,CUST00462,BR010,Home Loan,6222001,9.49,180,2023-10-27,Defaulted,Purchase
LN00172,CUST00197,BR005,Home Loan,2144657,8.6,120,2025-03-16,Active,Construction
LN00173,CUST00171,BR002,Personal Loan,650053,12.02,60,2021-08-12,Closed,Travel
LN00174,CUST00031,BR010,Home Loan,5108052,9.1,120,2022-07-21,Active,Purchase
LN00175,CUST00008,BR011,Personal Loan,511989,11.94,12,2021-01-20,Active,Medical
LN00176,CUST00273,BR015,Home Loan,3809999,9.18,120,2023-02-09,Closed,Construction
LN00177,CUST00380,BR011,Personal Loan,465669,11.03,36,2024-05-22,Active,Travel
LN00178,CUST00388,BR010,Education Loan,1545882,8.59,48,2023-01-10,Closed,Domestic Study
LN00179,CUST00468,BR014,Education Loan,1516894,9.01,60,2025-07-10,Active,Study Abroad
LN00180,CUST00544,BR005,Auto Loan,1445495,9.92,36,2021-02-22,Closed,New Car
LN00181,CUST00487,BR009,Personal Loan,295198,11.74,60,2024-11-06,Closed,Debt Consolidation
LN00182,CUST00330,BR001,Auto Loan,597285,11.19,24,2024-07-30,Defaulted,Used Car
LN00183,CUST00497,BR007,Business Loan,4982771,11.79,36,2024-10-20,Active,Equipment
LN00184,CUST00488,BR011,Auto Loan,783193,10.81,24,2022-12-15,Active,New Car
LN00185,CUST00147,BR014,Auto Loan,1352054,10.48,48,2024-05-28,Active,New Car
LN00186,CUST00562,BR014,Home Loan,4044917,8.62,120,2022-09-10,Closed,Construction
LN00187,CUST00554,BR004,Home Loan,6021517,8.0,360,2021-08-25,Active,Purchase
LN00188,CUST00030,BR003,Home Loan,5527330,8.53,120,2021-08-05,Active,Construction
LN00189,CUST00488,BR015,Education Loan,1608974,8.73,60,2022-03-28,Closed,Domestic Study
LN00190,CUST00341,BR014,Auto Loan,964662,10.2,60,2021-07-05,Closed,New Car
LN00191,CUST00391,BR011,Education Loan,1320418,8.66,36,2024-08-11,Active,Study Abroad
LN00192,CUST00090,BR002,Business Loan,3025923,12.47,24,2022-06-15,Active,Working Capital
LN00193,CUST00119,BR010,Personal Loan,470495,14.02,60,2022-01-21,Closed,Travel
LN00194,CUST00002,BR005,Home Loan,5897041,9.21,240,2023-02-18,Closed,Purchase
LN00195,CUST00434,BR006,Auto Loan,550766,11.06,36,2025-10-01,Active,Used Car
LN00196,CUST00228,BR002,Business Loan,2641801,10.77,24,2023-12-01,Closed,Expansion
LN00197,CUST00304,BR014,Home Loan,1880581,8.5,360,2022-10-10,Active,Purchase
LN00198,CUST00150,BR012,Personal Loan,638672,14.54,48,2021-10-29,Closed,Medical
LN00199,CUST00127,BR005,Auto Loan,1225199,10.29,48,2023-10-26,Defaulted,Used Car
LN00200,CUST00386,BR001,Auto Loan,772258,9.37,36,2023-10-11,Active,Used Car
LN00201,CUST00231,BR012,Home Loan,3633252,8.65,180,2025-10-03,Closed,Renovation
LN00202,CUST00402,BR005,Home Loan,2075902,8.33,180,2025-10-21,Active,Renovation
LN00203,CUST00346,BR007,Education Loan,1236628,10.34,48,2021-02-14,Active,Study Abroad
LN00204,CUST00290,BR005,Education Loan,1996860,10.83,84,2023-03-12,Active,Domestic Study
LN00205,CUST00595,BR014,Auto Loan,1035334,10.05,60,2021-07-19,Active,New Car
LN00206,CUST00592,BR003,Business Loan,3290033,13.25,36,2023-07-27,Closed,Expansion
LN00207,CUST00201,BR012,Auto Loan,353837,10.02,48,2021-10-24,Active,New Car
LN00208,CUST00152,BR007,Personal Loan,679851,12.92,60,2021-07-28,Closed,Debt Consolidation
LN00209,CUST00486,BR003,Auto Loan,943433,10.47,36,2021-04-26,Active,New Car
LN00210,CUST00153,BR011,Home Loan,2699095,8.54,240,2024-04-30,Active,Renovation
LN00211,CUST00501,BR005,Personal Loan,300883,11.13,12,2021-09-01,Active,Wedding
LN00212,CUST00092,BR013,Auto Loan,231449,11.08,60,2025-05-08,Closed,Used Car
LN00213,CUST00456,BR006,Business Loan,1583432,12.31,60,2022-07-18,Closed,Working Capital
LN00214,CUST00522,BR004,Home Loan,3441716,9.41,120,2021-09-07,Active,Purchase
LN00215,CUST00097,BR013,Auto Loan,537085,10.07,60,2022-07-15,Closed,New Car
LN00216,CUST00102,BR006,Personal Loan,704547,15.21,48,2022-09-04,Closed,Medical
LN00217,CUST00021,BR007,Auto Loan,441931,11.01,36,2023-04-11,Closed,Used Car
LN00218,CUST00121,BR003,Home Loan,4478214,8.72,120,2025-03-24,Closed,Renovation
LN00219,CUST00322,BR002,Auto Loan,373523,9.2,24,2024-02-11,Active,New Car
LN00220,CUST00576,BR005,Home Loan,6231605,8.74,180,2024-08-29,Active,Purchase
LN00221,CUST00558,BR003,Home Loan,4339529,9.09,120,2023-11-03,Active,Construction
LN00222,CUST00532,BR015,Education Loan,1554474,8.9,36,2022-05-24,Active,Study Abroad
LN00223,CUST00321,BR009,Auto Loan,993292,9.34,60,2021-10-14,Closed,Used Car
LN00224,CUST00046,BR004,Auto Loan,1176787,10.64,36,2024-11-09,Active,New Car
LN00225,CUST00138,BR010,Home Loan,7717995,8.1,240,2025-10-20,Closed,Renovation
LN00226,CUST00433,BR002,Home Loan,1870855,8.42,240,2022-07-23,Active,Renovation
LN00227,CUST00410,BR008,Personal Loan,246279,12.23,48,2024-08-23,Defaulted,Medical
LN00228,CUST00209,BR002,Education Loan,1821883,9.12,84,2024-11-23,Active,Study Abroad
LN00229,CUST00524,BR010,Education Loan,616704,10.4,48,2025-01-03,Active,Domestic Study
LN00230,CUST00445,BR007,Personal Loan,387304,14.88,24,2022-10-10,Defaulted,Medical
LN00231,CUST00545,BR002,Education Loan,224195,9.72,48,2021-06-08,Active,Study Abroad
LN00232,CUST00280,BR003,Home Loan,1718488,8.09,120,2023-01-14,Defaulted,Purchase
LN00233,CUST00228,BR007,Personal Loan,729828,11.7,12,2023-02-12,Defaulted,Medical
LN00234,CUST00314,BR010,Business Loan,2802377,11.94,12,2021-12-26,Active,Expansion
LN00235,CUST00289,BR009,Home Loan,3757731,9.35,240,2024-12-05,Closed,Construction
LN00236,CUST00399,BR003,Auto Loan,228370,10.66,24,2021-12-16,Active,Used Car
LN00237,CUST00413,BR008,Business Loan,4827953,12.46,84,2024-02-04,Closed,Equipment
LN00238,CUST00160,BR011,Home Loan,7589346,8.08,120,2024-11-07,Active,Purchase
LN00239,CUST00380,BR012,Home Loan,4222156,8.39,240,2021-04-19,Defaulted,Purchase
LN00240,CUST00450,BR006,Auto Loan,1150067,11.45,60,2024-12-18,Active,Used Car
LN00241,CUST00235,BR005,Personal Loan,242397,14.27,36,2023-05-27,Active,Medical
LN00242,CUST00093,BR011,Education Loan,476385,9.91,84,2025-04-28,Active,Domestic Study
LN00243,CUST00059,BR002,Home Loan,4515561,9.46,180,2021-07-11,Active,Renovation
LN00244,CUST00435,BR011,Personal Loan,506395,12.75,48,2025-07-14,Closed,Wedding
LN00245,CUST00546,BR012,Personal Loan,135571,11.76,60,2024-11-04,Defaulted,Medical
LN00246,CUST00008,BR012,Personal Loan,218987,12.25,60,2022-01-25,Defaulted,Debt Consolidation
LN00247,CUST00541,BR011,Auto Loan,1305800,10.4,48,2022-05-16,Defaulted,New Car
LN00248,CUST00537,BR015,Auto Loan,880408,9.29,36,2024-10-13,Defaulted,New Car
LN00249,CUST00362,BR001,Home Loan,7090908,9.08,240,2025-09-16,Active,Construction
LN00250,CUST00347,BR015,Personal Loan,100751,14.54,24,2023-02-04,Defaulted,Wedding
LN00251,CUST00301,BR005,Business Loan,2854629,10.79,12,2022-08-18,Active,Working Capital
LN00252,CUST00528,BR014,Home Loan,4478954,8.73,360,2022-03-22,Defaulted,Purchase
LN00253,CUST00472,BR006,Education Loan,414971,10.86,84,2021-04-28,Active,Study Abroad
LN00254,CUST00191,BR007,Personal Loan,687481,14.35,12,2022-12-18,Closed,Travel
LN00255,CUST00542,BR009,Home Loan,4504921,8.62,360,2023-10-05,Active,Purchase
LN00256,CUST00257,BR004,Personal Loan,538230,13.73,48,2021-01-15,Active,Debt Consolidation
LN00257,CUST00187,BR009,Personal Loan,96704,13.56,36,2023-01-17,Active,Travel
LN00258,CUST00166,BR003,Home Loan,6741623,8.69,360,2024-09-06,Closed,Construction
LN00259,CUST00204,BR002,Auto Loan,267543,10.97,24,2023-01-06,Closed,New Car
LN00260,CUST00340,BR015,Personal Loan,201022,12.29,24,2023-03-20,Active,Medical
LN00261,CUST00273,BR002,Home Loan,2570591,8.5,180,2023-09-09,Defaulted,Construction
LN00262,CUST00131,BR006,Personal Loan,617563,13.6,48,2025-06-27,Closed,Debt Consolidation
LN00263,CUST00111,BR013,Personal Loan,203660,15.39,48,2021-09-27,Active,Medical
LN00264,CUST00243,BR001,Home Loan,7217282,9.31,240,2023-10-22,Active,Renovation
LN00265,CUST00445,BR008,Business Loan,1422342,12.08,60,2024-05-07,Closed,Expansion
LN00266,CUST00157,BR012,Personal Loan,788742,14.86,12,2025-04-08,Active,Wedding
LN00267,CUST00254,BR011,Home Loan,1676588,8.1,120,2025-11-05,Active,Construction
LN00268,CUST00186,BR004,Home Loan,4515553,9.36,120,2024-12-06,Closed,Renovation
LN00269,CUST00411,BR001,Auto Loan,900312,10.24,36,2022-04-15,Active,Used Car
LN00270,CUST00205,BR002,Education Loan,300400,10.14,48,2023-05-24,Active,Domestic Study
LN00271,CUST00237,BR004,Personal Loan,666577,12.9,60,2022-09-20,Closed,Travel
LN00272,CUST00053,BR005,Personal Loan,631708,15.82,12,2023-11-11,Active,Medical
LN00273,CUST00253,BR006,Personal Loan,202824,13.62,36,2022-12-20,Closed,Medical
LN00274,CUST00330,BR004,Home Loan,3366396,9.19,120,2021-04-17,Closed,Construction
LN00275,CUST00259,BR008,Personal Loan,483195,14.17,60,2021-07-26,Active,Travel
LN00276,CUST00566,BR013,Personal Loan,648435,12.98,12,2021-07-18,Closed,Wedding
LN00277,CUST00542,BR010,Personal Loan,736317,13.67,36,2025-03-02,Closed,Travel
LN00278,CUST00090,BR015,Home Loan,2526706,9.04,240,2022-03-07,Closed,Purchase
LN00279,CUST00196,BR004,Home Loan,6656198,8.48,120,2021-03-26,Closed,Renovation
LN00280,CUST00352,BR005,Personal Loan,692884,15.53,12,2021-06-03,Defaulted,Debt Consolidation
LN00281,CUST00045,BR003,Education Loan,626118,10.96,48,2023-12-29,Closed,Domestic Study
LN00282,CUST00574,BR006,Personal Loan,155533,12.01,36,2025-12-31,Closed,Travel
LN00283,CUST00430,BR009,Personal Loan,188168,15.47,12,2023-06-13,Active,Medical
LN00284,CUST00297,BR001,Home Loan,5752901,8.23,240,2024-11-27,Defaulted,Renovation
LN00285,CUST00507,BR011,Home Loan,4362102,8.92,180,2025-02-25,Closed,Renovation
LN00286,CUST00522,BR007,Business Loan,692281,13.59,12,2021-12-05,Active,Equipment
LN00287,CUST00189,BR001,Business Loan,4076936,12.27,60,2024-05-28,Active,Working Capital
LN00288,CUST00526,BR008,Auto Loan,1457264,10.04,24,2025-12-06,Defaulted,Used Car
LN00289,CUST00566,BR002,Personal Loan,788082,14.34,24,2022-08-30,Closed,Wedding
LN00290,CUST00152,BR015,Home Loan,5625363,8.25,180,2022-08-21,Active,Construction
LN00291,CUST00255,BR014,Education Loan,1775662,9.57,60,2025-11-24,Closed,Domestic Study
LN00292,CUST00378,BR006,Personal Loan,171675,11.06,12,2024-08-21,Active,Medical
LN00293,CUST00302,BR006,Education Loan,1163535,9.82,60,2025-01-18,Active,Domestic Study
LN00294,CUST00287,BR003,Auto Loan,1135159,11.23,24,2025-08-15,Active,Used Car
LN00295,CUST00392,BR011,Education Loan,250872,10.33,36,2025-01-19,Closed,Study Abroad
LN00296,CUST00453,BR004,Business Loan,1180836,13.5,84,2024-02-03,Active,Expansion
LN00297,CUST00405,BR003,Personal Loan,664297,13.7,60,2024-07-13,Closed,Debt Consolidation
LN00298,CUST00491,BR002,Home Loan,6116578,8.47,360,2023-01-25,Active,Construction
LN00299,CUST00194,BR010,Home Loan,4562591,9.23,180,2025-07-29,Closed,Construction
LN00300,CUST00318,BR003,Education Loan,972603,9.39,48,2024-08-19,Active,Domestic Study
LN00301,CUST00074,BR007,Business Loan,2622798,13.4,84,2022-01-20,Active,Working Capital
LN00302,CUST00141,BR012,Personal Loan,301406,11.87,48,2021-07-25,Closed,Medical
LN00303,CUST00014,BR013,Auto Loan,1125618,11.06,60,2023-02-26,Active,New Car
LN00304,CUST00014,BR013,Home Loan,2154143,8.36,120,2022-07-03,Active,Purchase
LN00305,CUST00347,BR014,Education Loan,369746,9.37,36,2024-01-16,Closed,Domestic Study
LN00306,CUST00455,BR014,Home Loan,4427281,9.12,360,2025-04-05,Closed,Purchase
LN00307,CUST00557,BR012,Personal Loan,538360,14.1,48,2021-11-13,Active,Travel
LN00308,CUST00106,BR009,Auto Loan,658087,11.1,24,2021-02-13,Closed,Used Car
LN00309,CUST00230,BR001,Home Loan,4563366,9.47,360,2021-10-18,Active,Purchase
LN00310,CUST00232,BR015,Personal Loan,525606,11.63,24,2022-12-25,Closed,Debt Consolidation
LN00311,CUST00113,BR004,Auto Loan,1079030,9.81,24,2023-10-05,Active,New Car
LN00312,CUST00342,BR002,Education Loan,1404021,8.67,60,2023-01-02,Active,Study Abroad
LN00313,CUST00183,BR007,Education Loan,432274,10.64,36,2021-03-30,Closed,Study Abroad
LN00314,CUST00309,BR010,Auto Loan,495333,11.09,60,2021-11-04,Closed,Used Car
LN00315,CUST00378,BR015,Personal Loan,259457,14.21,12,2022-07-10,Defaulted,Travel
LN00316,CUST00153,BR013,Business Loan,3562507,12.29,12,2025-06-04,Active,Equipment
LN00317,CUST00490,BR014,Home Loan,3484519,8.32,180,2023-03-11,Active,Purchase
LN00318,CUST00093,BR006,Home Loan,1715730,8.46,360,2025-01-28,Active,Purchase
LN00319,CUST00435,BR008,Home Loan,5745558,9.41,360,2022-12-24,Active,Renovation
LN00320,CUST00252,BR007,Education Loan,1755288,10.42,60,2021-10-11,Closed,Study Abroad
LN00321,CUST00550,BR014,Personal Loan,641335,14.32,60,2023-12-30,Active,Wedding
LN00322,CUST00592,BR013,Personal Loan,245215,15.54,60,2025-01-04,Active,Wedding
LN00323,CUST00018,BR006,Auto Loan,1071952,10.4,36,2023-01-11,Active,Used Car
LN00324,CUST00370,BR014,Education Loan,310879,9.62,36,2021-05-03,Defaulted,Domestic Study
LN00325,CUST00432,BR004,Personal Loan,395268,15.32,24,2025-09-07,Closed,Wedding
LN00326,CUST00147,BR007,Business Loan,2869246,11.83,12,2025-03-10,Active,Equipment
LN00327,CUST00109,BR011,Home Loan,7849202,8.17,360,2023-02-01,Active,Renovation
LN00328,CUST00145,BR002,Home Loan,4246564,8.06,180,2021-03-03,Active,Purchase
LN00329,CUST00482,BR012,Home Loan,6309376,9.38,360,2021-11-03,Closed,Purchase
LN00330,CUST00346,BR008,Auto Loan,564048,11.15,48,2023-08-21,Active,New Car
LN00331,CUST00033,BR010,Personal Loan,269163,15.55,24,2021-05-03,Closed,Wedding
LN00332,CUST00466,BR009,Personal Loan,615471,15.02,12,2023-03-23,Closed,Travel
LN00333,CUST00161,BR005,Education Loan,134212,10.91,60,2024-12-23,Active,Domestic Study
LN00334,CUST00058,BR004,Personal Loan,595003,12.52,24,2025-03-02,Active,Debt Consolidation
LN00335,CUST00489,BR006,Home Loan,6891065,8.42,120,2025-07-31,Closed,Renovation
LN00336,CUST00381,BR011,Auto Loan,1334579,9.28,60,2021-12-04,Active,Used Car
LN00337,CUST00344,BR001,Home Loan,6073958,8.81,120,2021-08-02,Active,Purchase
LN00338,CUST00012,BR013,Personal Loan,122400,12.21,60,2021-08-07,Active,Travel
LN00339,CUST00247,BR005,Home Loan,1580626,8.7,180,2024-07-31,Defaulted,Purchase
LN00340,CUST00496,BR001,Education Loan,672403,10.0,36,2024-02-29,Defaulted,Domestic Study
LN00341,CUST00290,BR007,Personal Loan,272928,12.5,36,2021-01-18,Defaulted,Wedding
LN00342,CUST00133,BR012,Personal Loan,607394,11.24,48,2025-01-26,Active,Medical
LN00343,CUST00154,BR001,Personal Loan,727171,15.26,60,2021-07-26,Active,Debt Consolidation
LN00344,CUST00475,BR002,Personal Loan,550853,13.97,12,2022-08-18,Active,Medical
LN00345,CUST00145,BR013,Education Loan,1795374,8.96,48,2025-12-17,Active,Domestic Study
LN00346,CUST00348,BR005,Education Loan,250041,9.1,60,2023-07-06,Closed,Study Abroad
LN00347,CUST00397,BR004,Auto Loan,1232951,9.09,60,2021-03-23,Closed,New Car
LN00348,CUST00510,BR002,Education Loan,1207332,10.99,36,2021-11-09,Closed,Domestic Study
LN00349,CUST00090,BR008,Home Loan,7062024,8.78,240,2024-01-26,Closed,Purchase
LN00350,CUST00287,BR010,Personal Loan,97730,15.16,24,2022-08-29,Active,Travel
LN00351,CUST00472,BR005,Personal Loan,499233,11.57,12,2022-01-02,Closed,Debt Consolidation
LN00352,CUST00127,BR010,Education Loan,278328,10.77,84,2024-08-24,Defaulted,Study Abroad
LN00353,CUST00133,BR008,Home Loan,5849801,9.24,240,2023-04-02,Active,Construction
LN00354,CUST00424,BR009,Personal Loan,709234,13.86,60,2022-10-05,Active,Debt Consolidation
LN00355,CUST00059,BR012,Personal Loan,438084,13.15,12,2024-06-25,Defaulted,Wedding
LN00356,CUST00298,BR007,Auto Loan,612030,10.09,24,2021-11-13,Closed,New Car
LN00357,CUST00474,BR011,Auto Loan,1206043,10.5,24,2022-04-02,Active,New Car
LN00358,CUST00477,BR002,Personal Loan,719392,13.22,48,2024-08-08,Active,Medical
LN00359,CUST00205,BR007,Home Loan,5446082,8.95,120,2023-03-24,Closed,Construction
LN00360,CUST00488,BR002,Home Loan,5346031,9.05,240,2024-05-22,Active,Construction
LN00361,CUST00150,BR011,Personal Loan,228075,13.56,60,2021-11-15,Defaulted,Wedding
LN00362,CUST00064,BR015,Personal Loan,128168,12.92,12,2024-05-16,Closed,Travel
LN00363,CUST00024,BR013,Business Loan,2592035,12.78,60,2022-03-14,Active,Equipment
LN00364,CUST00146,BR002,Personal Loan,762898,14.0,36,2024-07-25,Active,Travel
LN00365,CUST00430,BR009,Personal Loan,607695,13.53,36,2025-11-25,Closed,Wedding
LN00366,CUST00095,BR015,Auto Loan,1024335,9.18,48,2022-01-12,Closed,Used Car
LN00367,CUST00430,BR008,Personal Loan,240793,12.81,36,2021-12-03,Active,Debt Consolidation
LN00368,CUST00585,BR007,Personal Loan,404370,11.23,24,2024-11-27,Active,Medical
LN00369,CUST00593,BR010,Auto Loan,382031,9.69,36,2021-06-09,Closed,New Car
LN00370,CUST00470,BR015,Personal Loan,778649,12.66,36,2021-01-30,Active,Wedding
LN00371,CUST00417,BR005,Personal Loan,411530,11.98,36,2021-08-21,Closed,Medical
LN00372,CUST00593,BR002,Education Loan,1260482,9.2,48,2024-07-23,Active,Domestic Study
LN00373,CUST00171,BR010,Home Loan,2845451,8.77,180,2023-05-11,Closed,Construction
LN00374,CUST00591,BR001,Home Loan,1535787,8.01,180,2022-01-27,Defaulted,Construction
LN00375,CUST00515,BR014,Business Loan,1329623,10.63,12,2022-09-11,Closed,Working Capital
LN00376,CUST00361,BR014,Auto Loan,340433,9.85,60,2023-04-28,Active,Used Car
LN00377,CUST00470,BR007,Personal Loan,651939,13.86,36,2021-08-21,Defaulted,Travel
LN00378,CUST00292,BR014,Home Loan,4832340,8.44,180,2024-01-17,Active,Renovation
LN00379,CUST00102,BR002,Auto Loan,1411279,9.99,60,2024-07-22,Active,New Car
LN00380,CUST00107,BR008,Home Loan,2066102,8.93,120,2024-06-16,Defaulted,Renovation
LN00381,CUST00516,BR010,Business Loan,835040,11.71,84,2021-07-24,Closed,Working Capital
LN00382,CUST00466,BR009,Auto Loan,859635,11.19,60,2022-03-10,Active,Used Car
LN00383,CUST00476,BR007,Home Loan,4708052,9.05,360,2021-09-12,Active,Renovation
LN00384,CUST00230,BR009,Auto Loan,1490661,9.33,60,2021-01-16,Defaulted,Used Car
LN00385,CUST00425,BR011,Personal Loan,256048,12.97,36,2022-09-22,Closed,Wedding
LN00386,CUST00158,BR013,Home Loan,4241883,8.62,360,2021-03-08,Active,Construction
LN00387,CUST00326,BR006,Business Loan,4565771,13.0,84,2025-08-07,Closed,Working Capital
LN00388,CUST00401,BR004,Education Loan,1255019,9.27,84,2022-05-11,Closed,Study Abroad
LN00389,CUST00400,BR012,Business Loan,4171814,13.84,84,2023-05-29,Active,Working Capital
LN00390,CUST00237,BR002,Personal Loan,665898,11.01,36,2023-11-26,Active,Wedding
LN00391,CUST00267,BR014,Personal Loan,527301,11.26,60,2025-05-26,Active,Wedding
LN00392,CUST00448,BR001,Education Loan,589453,8.65,48,2021-07-10,Active,Domestic Study
LN00393,CUST00134,BR008,Home Loan,5424670,9.03,120,2024-03-17,Active,Renovation
LN00394,CUST00228,BR005,Auto Loan,348833,9.96,48,2022-01-18,Active,New Car
LN00395,CUST00388,BR013,Personal Loan,392177,12.85,24,2025-01-27,Closed,Travel
LN00396,CUST00024,BR011,Auto Loan,357332,10.05,48,2021-06-19,Defaulted,New Car
LN00397,CUST00269,BR015,Home Loan,6382657,8.11,120,2021-08-08,Active,Purchase
LN00398,CUST00213,BR007,Home Loan,2021170,8.53,360,2025-09-26,Active,Purchase
LN00399,CUST00079,BR004,Personal Loan,756294,14.34,12,2023-04-28,Active,Debt Consolidation
LN00400,CUST00165,BR003,Personal Loan,559002,12.81,36,2024-07-21,Defaulted,Travel
LN00401,CUST00033,BR002,Home Loan,5358795,8.02,180,2024-09-12,Closed,Construction
LN00402,CUST00006,BR003,Education Loan,1308582,10.78,84,2024-06-11,Closed,Study Abroad
LN00403,CUST00024,BR009,Education Loan,1263889,10.68,48,2024-05-26,Active,Domestic Study
LN00404,CUST00031,BR006,Home Loan,6205824,8.18,240,2021-08-24,Closed,Purchase
LN00405,CUST00205,BR002,Home Loan,7365946,8.1,180,2022-07-03,Active,Construction
LN00406,CUST00508,BR007,Auto Loan,894157,9.36,48,2023-08-15,Closed,Used Car
LN00407,CUST00288,BR007,Education Loan,122242,9.56,60,2021-12-21,Active,Domestic Study
LN00408,CUST00500,BR007,Auto Loan,583552,10.22,48,2021-12-06,Closed,Used Car
LN00409,CUST00111,BR010,Personal Loan,482899,11.22,36,2025-07-29,Active,Debt Consolidation
LN00410,CUST00066,BR008,Personal Loan,142252,13.79,60,2022-12-24,Active,Wedding
LN00411,CUST00301,BR010,Business Loan,1912886,13.05,84,2022-06-03,Closed,Equipment
LN00412,CUST00185,BR013,Education Loan,1339354,10.61,60,2023-03-27,Active,Study Abroad
LN00413,CUST00221,BR011,Personal Loan,569369,13.15,24,2023-01-03,Active,Travel
LN00414,CUST00012,BR012,Personal Loan,554724,12.38,36,2021-09-08,Active,Travel
LN00415,CUST00395,BR005,Home Loan,3491037,9.18,240,2022-04-22,Closed,Renovation
LN00416,CUST00077,BR010,Home Loan,4401726,9.2,180,2021-07-30,Closed,Renovation
LN00417,CUST00203,BR004,Personal Loan,666816,15.29,48,2022-10-13,Closed,Medical
LN00418,CUST00432,BR002,Business Loan,4608185,12.01,60,2021-04-06,Defaulted,Working Capital
LN00419,CUST00243,BR010,Personal Loan,289150,13.91,60,2022-11-01,Closed,Medical
LN00420,CUST00292,BR003,Personal Loan,328379,14.01,60,2021-01-10,Defaulted,Debt Consolidation
LN00421,CUST00072,BR008,Home Loan,6086308,9.03,120,2022-11-22,Closed,Purchase
LN00422,CUST00325,BR013,Business Loan,2060398,11.08,60,2025-01-21,Active,Expansion
LN00423,CUST00049,BR007,Personal Loan,372897,11.71,60,2025-05-06,Active,Travel
LN00424,CUST00125,BR014,Auto Loan,1357126,9.86,60,2023-10-08,Closed,Used Car
LN00425,CUST00011,BR003,Education Loan,393473,8.56,36,2021-03-01,Active,Domestic Study
LN00426,CUST00196,BR012,Education Loan,1327062,10.09,84,2022-04-09,Active,Study Abroad
LN00427,CUST00054,BR005,Business Loan,1900839,10.75,84,2021-01-11,Defaulted,Working Capital
LN00428,CUST00389,BR005,Home Loan,4162587,8.47,240,2021-06-03,Active,Renovation
LN00429,CUST00130,BR006,Home Loan,5901284,8.91,180,2024-04-09,Active,Purchase
LN00430,CUST00126,BR009,Business Loan,2013590,11.26,60,2024-07-28,Active,Equipment
LN00431,CUST00288,BR006,Home Loan,7922233,8.68,360,2024-09-16,Active,Renovation
LN00432,CUST00085,BR006,Personal Loan,566205,11.7,12,2022-06-25,Closed,Wedding
LN00433,CUST00507,BR001,Auto Loan,831266,9.07,36,2024-11-24,Active,New Car
LN00434,CUST00193,BR008,Home Loan,4785458,9.45,180,2023-08-17,Closed,Purchase
LN00435,CUST00321,BR013,Personal Loan,338155,11.19,60,2025-04-09,Active,Travel
LN00436,CUST00134,BR004,Auto Loan,240242,9.97,36,2025-10-03,Active,Used Car
LN00437,CUST00208,BR013,Personal Loan,170018,11.12,48,2025-11-13,Closed,Debt Consolidation
LN00438,CUST00315,BR014,Home Loan,6415388,8.69,240,2023-05-17,Active,Renovation
LN00439,CUST00113,BR004,Auto Loan,576018,11.25,36,2023-08-03,Closed,New Car
LN00440,CUST00544,BR008,Business Loan,845853,13.85,24,2022-07-01,Active,Expansion
LN00441,CUST00218,BR003,Personal Loan,285475,15.44,60,2021-06-22,Active,Debt Consolidation
LN00442,CUST00280,BR006,Personal Loan,502207,15.13,60,2022-11-15,Active,Medical
LN00443,CUST00199,BR005,Home Loan,7896085,8.43,360,2025-02-08,Defaulted,Purchase
LN00444,CUST00506,BR009,Personal Loan,770851,12.95,60,2022-07-20,Active,Debt Consolidation
LN00445,CUST00114,BR004,Home Loan,4005827,8.51,120,2024-08-16,Active,Purchase
LN00446,CUST00068,BR009,Home Loan,5019149,8.23,120,2024-03-24,Active,Purchase
LN00447,CUST00402,BR007,Personal Loan,465283,13.71,60,2024-12-03,Closed,Medical
LN00448,CUST00209,BR006,Home Loan,6452361,9.25,240,2023-10-12,Active,Renovation
LN00449,CUST00097,BR003,Personal Loan,380331,12.51,60,2022-08-13,Closed,Debt Consolidation
LN00450,CUST00072,BR003,Auto Loan,537135,9.49,36,2021-12-15,Active,New Car
LN00451,CUST00486,BR007,Personal Loan,93235,12.71,48,2021-10-18,Defaulted,Travel
LN00452,CUST00010,BR010,Home Loan,3256609,9.45,240,2025-12-10,Active,Construction
LN00453,CUST00484,BR002,Education Loan,1159646,9.37,36,2023-09-28,Closed,Domestic Study
LN00454,CUST00234,BR009,Business Loan,3028197,10.99,84,2024-10-24,Defaulted,Equipment
LN00455,CUST00312,BR013,Home Loan,4386284,8.94,180,2025-05-07,Active,Renovation
LN00456,CUST00559,BR005,Personal Loan,416673,13.01,48,2025-02-13,Active,Debt Consolidation
LN00457,CUST00309,BR012,Personal Loan,795386,15.4,48,2021-01-28,Closed,Travel
LN00458,CUST00532,BR012,Business Loan,3230008,12.49,84,2023-09-19,Active,Equipment
LN00459,CUST00146,BR006,Home Loan,5534293,8.3,360,2025-10-20,Active,Construction
LN00460,CUST00092,BR004,Home Loan,4068395,8.06,360,2023-01-07,Active,Construction
LN00461,CUST00558,BR015,Auto Loan,818209,10.36,48,2025-12-02,Closed,Used Car
LN00462,CUST00358,BR015,Education Loan,532724,10.91,48,2022-06-28,Defaulted,Study Abroad
LN00463,CUST00043,BR010,Personal Loan,732090,14.61,48,2022-07-20,Active,Travel
LN00464,CUST00581,BR013,Business Loan,2806917,13.54,12,2023-06-07,Closed,Expansion
LN00465,CUST00151,BR008,Personal Loan,147989,14.95,12,2023-10-19,Defaulted,Wedding
LN00466,CUST00167,BR005,Personal Loan,143615,14.97,36,2024-07-01,Closed,Debt Consolidation
LN00467,CUST00223,BR005,Personal Loan,256825,15.39,36,2021-02-01,Active,Medical
LN00468,CUST00001,BR001,Home Loan,7636273,8.22,240,2021-01-11,Active,Construction
LN00469,CUST00575,BR003,Home Loan,4507391,9.47,240,2025-05-28,Closed,Purchase
LN00470,CUST00600,BR015,Auto Loan,828429,11.16,36,2025-02-10,Active,New Car
LN00471,CUST00255,BR013,Personal Loan,491548,12.88,12,2023-08-28,Defaulted,Debt Consolidation
LN00472,CUST00319,BR003,Personal Loan,264337,12.02,12,2022-06-20,Defaulted,Debt Consolidation
LN00473,CUST00205,BR005,Auto Loan,1190337,9.97,48,2025-07-06,Closed,New Car
LN00474,CUST00305,BR010,Personal Loan,433456,13.46,24,2022-09-09,Active,Debt Consolidation
LN00475,CUST00448,BR002,Personal Loan,482959,15.33,48,2025-05-22,Closed,Wedding
LN00476,CUST00367,BR008,Personal Loan,785554,13.04,36,2023-10-29,Defaulted,Travel
LN00477,CUST00573,BR001,Personal Loan,670639,14.82,48,2023-04-21,Active,Debt Consolidation
LN00478,CUST00249,BR010,Home Loan,5227938,9.43,180,2024-06-13,Defaulted,Renovation
LN00479,CUST00301,BR001,Personal Loan,200355,11.55,60,2024-01-18,Closed,Debt Consolidation
LN00480,CUST00531,BR008,Home Loan,7050752,8.66,120,2023-08-06,Closed,Purchase
LN00481,CUST00110,BR006,Home Loan,7005297,9.34,240,2025-08-27,Defaulted,Renovation
LN00482,CUST00340,BR014,Home Loan,1905974,9.33,240,2024-03-04,Active,Purchase
LN00483,CUST00148,BR009,Home Loan,4414073,8.77,120,2024-12-07,Active,Renovation
LN00484,CUST00159,BR005,Education Loan,1290525,10.82,48,2022-04-03,Closed,Study Abroad
LN00485,CUST00206,BR002,Auto Loan,224850,10.19,24,2025-07-08,Active,New Car
LN00486,CUST00210,BR002,Home Loan,5970193,9.08,120,2023-12-01,Active,Construction
LN00487,CUST00125,BR005,Home Loan,6001460,8.2,360,2023-03-12,Active,Construction
LN00488,CUST00560,BR005,Personal Loan,274546,12.79,24,2025-08-07,Active,Debt Consolidation
LN00489,CUST00023,BR003,Business Loan,4080854,11.48,84,2021-09-10,Active,Working Capital
LN00490,CUST00560,BR004,Business Loan,1290313,13.85,24,2021-12-16,Active,Expansion
LN00491,CUST00505,BR006,Personal Loan,56647,15.99,36,2024-09-29,Active,Travel
LN00492,CUST00436,BR003,Personal Loan,557615,15.14,12,2023-08-09,Active,Medical
LN00493,CUST00595,BR005,Personal Loan,270964,11.07,12,2024-03-01,Active,Medical
LN00494,CUST00364,BR003,Auto Loan,1159230,11.09,60,2021-03-29,Defaulted,Used Car
LN00495,CUST00163,BR006,Business Loan,3780237,11.0,60,2022-07-22,Active,Equipment
LN00496,CUST00538,BR007,Business Loan,3841111,13.19,84,2022-03-08,Active,Equipment
LN00497,CUST00577,BR006,Home Loan,5780513,9.15,180,2022-12-22,Closed,Construction
LN00498,CUST00311,BR015,Auto Loan,1299697,10.53,36,2022-07-25,Closed,Used Car
LN00499,CUST00185,BR010,Home Loan,2075930,8.73,360,2023-02-11,Defaulted,Renovation
LN00500,CUST00595,BR006,Education Loan,247533,9.52,60,2021-09-23,Closed,Study Abroad
LN00501,CUST00238,BR002,Home Loan,4146192,8.1,120,2025-10-11,Closed,Renovation
LN00502,CUST00243,BR002,Home Loan,3767333,8.17,360,2022-10-25,Closed,Purchase
LN00503,CUST00066,BR001,Auto Loan,1250705,11.37,60,2025-03-28,Defaulted,Used Car
LN00504,CUST00031,BR015,Home Loan,1970057,9.43,120,2023-06-24,Closed,Purchase
LN00505,CUST00588,BR009,Personal Loan,441932,12.5,48,2023-02-13,Active,Wedding
LN00506,CUST00231,BR004,Home Loan,1999603,8.75,360,2023-06-16,Closed,Renovation
LN00507,CUST00099,BR004,Home Loan,6664351,9.06,180,2021-06-26,Closed,Purchase
LN00508,CUST00582,BR009,Business Loan,536062,10.76,12,2023-01-07,Closed,Working Capital
LN00509,CUST00213,BR010,Personal Loan,352154,12.48,60,2023-10-14,Active,Debt Consolidation
LN00510,CUST00142,BR013,Personal Loan,224288,12.41,36,2024-06-20,Closed,Medical
LN00511,CUST00081,BR003,Personal Loan,652612,15.65,48,2025-11-25,Active,Travel
LN00512,CUST00554,BR006,Home Loan,4133167,9.36,360,2022-04-18,Active,Purchase
LN00513,CUST00367,BR002,Home Loan,3589722,8.71,240,2025-08-24,Active,Purchase
LN00514,CUST00531,BR015,Education Loan,529455,10.1,36,2023-12-31,Closed,Study Abroad
LN00515,CUST00114,BR010,Personal Loan,784235,14.02,12,2024-01-24,Closed,Debt Consolidation
LN00516,CUST00347,BR007,Education Loan,779846,10.12,60,2024-08-30,Active,Study Abroad
LN00517,CUST00338,BR015,Home Loan,2298984,9.33,120,2021-10-13,Active,Renovation
LN00518,CUST00578,BR015,Education Loan,1055859,9.62,36,2022-04-28,Active,Domestic Study
LN00519,CUST00083,BR015,Personal Loan,489398,14.12,12,2023-05-03,Closed,Debt Consolidation
LN00520,CUST00037,BR008,Education Loan,236374,10.21,60,2025-01-21,Active,Domestic Study
LN00521,CUST00234,BR001,Auto Loan,514511,10.78,60,2023-09-06,Active,New Car
LN00522,CUST00389,BR011,Home Loan,6846476,9.21,180,2023-12-31,Closed,Renovation
LN00523,CUST00387,BR012,Auto Loan,918251,10.3,60,2021-04-17,Active,New Car
LN00524,CUST00449,BR002,Personal Loan,157156,14.88,48,2024-01-31,Active,Travel
LN00525,CUST00244,BR004,Personal Loan,253557,13.48,36,2023-06-14,Defaulted,Medical
LN00526,CUST00550,BR010,Auto Loan,569556,9.33,36,2023-04-26,Closed,New Car
LN00527,CUST00059,BR002,Education Loan,1296159,8.64,36,2025-11-24,Closed,Domestic Study
LN00528,CUST00359,BR010,Home Loan,6366194,8.48,180,2022-08-02,Active,Renovation
LN00529,CUST00491,BR011,Business Loan,300633,12.29,36,2021-09-23,Closed,Working Capital
LN00530,CUST00211,BR008,Auto Loan,260907,9.69,24,2022-05-28,Defaulted,Used Car
LN00531,CUST00376,BR013,Business Loan,3622789,10.72,24,2023-06-28,Closed,Equipment
LN00532,CUST00327,BR012,Personal Loan,679503,11.02,24,2023-12-15,Closed,Medical
LN00533,CUST00498,BR005,Home Loan,3104355,9.11,360,2024-12-15,Defaulted,Purchase
LN00534,CUST00237,BR005,Home Loan,3555755,8.15,180,2025-09-20,Defaulted,Renovation
LN00535,CUST00146,BR001,Auto Loan,668304,9.68,24,2023-02-02,Closed,New Car
LN00536,CUST00035,BR005,Auto Loan,1295525,9.78,60,2021-08-22,Active,Used Car
LN00537,CUST00062,BR005,Auto Loan,1225612,11.23,48,2025-08-22,Defaulted,Used Car
LN00538,CUST00230,BR004,Personal Loan,375363,15.55,48,2023-02-27,Active,Debt Consolidation
LN00539,CUST00313,BR001,Home Loan,3952567,9.45,360,2023-12-27,Active,Renovation
LN00540,CUST00345,BR015,Business Loan,719660,12.9,12,2024-05-31,Closed,Expansion
LN00541,CUST00350,BR012,Business Loan,2620925,11.86,84,2022-03-20,Closed,Equipment
LN00542,CUST00059,BR013,Personal Loan,524533,14.52,48,2025-05-22,Closed,Medical
LN00543,CUST00548,BR008,Auto Loan,205672,9.42,48,2025-10-25,Defaulted,Used Car
LN00544,CUST00479,BR012,Auto Loan,1126959,10.67,48,2021-11-29,Defaulted,New Car
LN00545,CUST00281,BR002,Home Loan,7779308,9.14,120,2022-07-29,Closed,Purchase
LN00546,CUST00040,BR010,Business Loan,4768631,12.96,36,2022-11-23,Closed,Expansion
LN00547,CUST00013,BR002,Personal Loan,273539,11.53,36,2025-05-22,Closed,Travel
LN00548,CUST00184,BR008,Auto Loan,1216371,10.61,48,2025-09-09,Active,Used Car
LN00549,CUST00368,BR008,Home Loan,1813209,8.54,120,2023-08-14,Active,Renovation
LN00550,CUST00082,BR005,Business Loan,4796959,12.25,24,2023-04-17,Active,Equipment
LN00551,CUST00283,BR005,Auto Loan,762547,10.14,24,2023-06-22,Active,Used Car
LN00552,CUST00051,BR004,Home Loan,2857737,8.55,180,2021-10-28,Closed,Purchase
LN00553,CUST00451,BR010,Auto Loan,680757,9.13,36,2024-11-02,Active,Used Car
LN00554,CUST00266,BR005,Home Loan,6489189,8.62,180,2021-05-05,Defaulted,Purchase
LN00555,CUST00241,BR006,Auto Loan,1268833,11.13,48,2024-01-12,Closed,New Car
LN00556,CUST00243,BR004,Home Loan,2877961,8.99,360,2021-08-20,Active,Construction
LN00557,CUST00290,BR003,Auto Loan,813966,11.2,60,2021-05-27,Closed,New Car
LN00558,CUST00384,BR008,Personal Loan,211805,14.39,36,2022-11-18,Defaulted,Travel
LN00559,CUST00154,BR015,Auto Loan,990077,9.74,36,2023-01-25,Active,New Car
LN00560,CUST00521,BR013,Home Loan,2387905,8.98,180,2025-07-13,Active,Renovation
LN00561,CUST00034,BR011,Auto Loan,1160176,9.79,36,2023-02-15,Closed,New Car
LN00562,CUST00230,BR010,Personal Loan,533624,12.98,12,2021-06-08,Defaulted,Debt Consolidation
LN00563,CUST00053,BR010,Personal Loan,584905,12.0,12,2025-10-02,Closed,Debt Consolidation
LN00564,CUST00590,BR005,Auto Loan,1357279,9.72,60,2022-10-12,Active,New Car
LN00565,CUST00119,BR012,Personal Loan,325839,11.29,36,2022-04-18,Active,Wedding
LN00566,CUST00574,BR009,Personal Loan,133634,13.58,48,2023-01-12,Active,Medical
LN00567,CUST00429,BR004,Education Loan,608426,10.59,84,2024-05-24,Active,Domestic Study
LN00568,CUST00599,BR011,Education Loan,127917,9.45,48,2025-05-10,Defaulted,Domestic Study
LN00569,CUST00084,BR007,Auto Loan,638549,9.05,48,2022-12-01,Active,Used Car
LN00570,CUST00203,BR015,Personal Loan,143276,13.07,24,2024-03-25,Active,Wedding
LN00571,CUST00270,BR013,Business Loan,2616463,11.92,12,2021-12-08,Active,Equipment
LN00572,CUST00035,BR014,Auto Loan,890218,10.49,60,2025-03-02,Active,Used Car
LN00573,CUST00543,BR015,Home Loan,1564504,8.7,180,2021-05-30,Active,Construction
LN00574,CUST00571,BR004,Education Loan,1930648,9.8,60,2021-09-19,Active,Study Abroad
LN00575,CUST00111,BR012,Home Loan,5904024,8.47,240,2024-04-26,Closed,Purchase
LN00576,CUST00461,BR012,Home Loan,6530943,9.16,240,2023-07-09,Defaulted,Construction
LN00577,CUST00188,BR012,Personal Loan,440972,15.88,48,2024-12-04,Active,Medical
LN00578,CUST00465,BR007,Home Loan,2316076,8.03,120,2024-04-30,Closed,Construction
LN00579,CUST00100,BR004,Personal Loan,627618,15.04,60,2025-01-19,Closed,Travel
LN00580,CUST00538,BR010,Personal Loan,140155,12.33,12,2024-03-01,Active,Debt Consolidation
LN00581,CUST00147,BR001,Personal Loan,63164,12.47,48,2022-10-15,Closed,Wedding
LN00582,CUST00322,BR002,Personal Loan,629856,13.59,36,2024-03-23,Closed,Travel
LN00583,CUST00450,BR004,Personal Loan,311071,12.86,12,2022-08-13,Active,Wedding
LN00584,CUST00238,BR011,Personal Loan,51015,12.5,36,2024-05-26,Closed,Travel
LN00585,CUST00173,BR001,Home Loan,5701981,9.46,180,2024-02-05,Closed,Renovation
LN00586,CUST00027,BR006,Education Loan,1709415,8.56,48,2021-01-14,Active,Domestic Study
LN00587,CUST00534,BR003,Personal Loan,723920,14.92,60,2023-05-24,Closed,Debt Consolidation
LN00588,CUST00123,BR008,Personal Loan,635282,13.29,12,2025-01-06,Closed,Debt Consolidation
LN00589,CUST00286,BR012,Personal Loan,348503,12.51,12,2025-11-06,Active,Medical
LN00590,CUST00077,BR006,Education Loan,224820,9.07,36,2025-03-05,Closed,Domestic Study
LN00591,CUST00526,BR011,Personal Loan,234952,13.42,36,2023-07-18,Closed,Medical
LN00592,CUST00534,BR006,Auto Loan,1171677,10.18,48,2021-03-20,Active,New Car
LN00593,CUST00252,BR003,Business Loan,571868,13.85,12,2024-07-23,Closed,Equipment
LN00594,CUST00482,BR003,Personal Loan,757043,14.93,24,2024-10-11,Active,Debt Consolidation
LN00595,CUST00091,BR009,Business Loan,4959241,12.41,60,2022-08-02,Active,Equipment
LN00596,CUST00572,BR010,Auto Loan,1451598,9.19,24,2023-06-09,Active,New Car
LN00597,CUST00390,BR011,Auto Loan,675384,9.56,24,2023-05-07,Closed,New Car
LN00598,CUST00185,BR015,Auto Loan,454583,9.35,60,2023-12-23,Closed,Used Car
LN00599,CUST00402,BR010,Business Loan,3225344,13.23,36,2024-09-30,Active,Expansion
LN00600,CUST00295,BR007,Personal Loan,483723,11.73,36,2021-07-17,Active,Debt Consolidation
LN00601,CUST00327,BR011,Personal Loan,658342,14.18,48,2021-08-26,Active,Medical
LN00602,CUST00496,BR014,Personal Loan,341124,14.37,48,2024-12-14,Active,Debt Consolidation
LN00603,CUST00520,BR004,Auto Loan,537876,9.86,36,2021-03-01,Active,Used Car
LN00604,CUST00422,BR007,Home Loan,7463657,8.44,240,2022-06-20,Closed,Construction
LN00605,CUST00225,BR006,Personal Loan,402491,15.45,36,2021-04-22,Active,Medical
LN00606,CUST00171,BR009,Personal Loan,580791,11.31,48,2022-03-30,Closed,Wedding
LN00607,CUST00133,BR010,Business Loan,992324,10.53,12,2024-06-10,Closed,Equipment
LN00608,CUST00342,BR015,Home Loan,5600991,8.67,120,2025-07-02,Active,Construction
LN00609,CUST00532,BR004,Business Loan,931091,13.85,84,2021-05-10,Closed,Expansion
LN00610,CUST00235,BR005,Personal Loan,447244,12.21,24,2025-09-13,Active,Wedding
LN00611,CUST00255,BR001,Education Loan,1051146,10.2,60,2023-04-27,Active,Domestic Study
LN00612,CUST00497,BR001,Business Loan,658324,11.46,84,2021-07-29,Active,Working Capital
LN00613,CUST00254,BR001,Personal Loan,655224,13.3,12,2022-04-17,Closed,Travel
LN00614,CUST00277,BR014,Auto Loan,910550,10.08,60,2024-09-04,Active,New Car
LN00615,CUST00555,BR010,Home Loan,1785349,8.25,360,2021-02-11,Active,Purchase
LN00616,CUST00320,BR013,Home Loan,4396020,8.31,360,2022-02-02,Closed,Construction
LN00617,CUST00208,BR002,Personal Loan,87484,15.22,12,2022-09-11,Active,Travel
LN00618,CUST00096,BR004,Education Loan,1964265,10.48,84,2023-02-11,Active,Study Abroad
LN00619,CUST00547,BR009,Auto Loan,1309920,9.6,60,2022-08-06,Defaulted,New Car
LN00620,CUST00382,BR013,Personal Loan,770470,11.98,48,2025-01-30,Active,Medical
LN00621,CUST00238,BR008,Personal Loan,763572,15.97,60,2021-02-20,Active,Travel
LN00622,CUST00148,BR013,Personal Loan,583792,15.91,12,2024-08-09,Active,Medical
LN00623,CUST00502,BR010,Home Loan,5202008,8.39,180,2022-03-02,Closed,Purchase
LN00624,CUST00536,BR012,Home Loan,4340473,8.89,360,2024-06-16,Closed,Renovation
LN00625,CUST00422,BR005,Business Loan,643483,12.68,12,2025-04-21,Active,Equipment
LN00626,CUST00579,BR010,Personal Loan,785883,11.95,24,2021-03-16,Active,Debt Consolidation
LN00627,CUST00576,BR013,Business Loan,4025197,13.68,36,2024-11-14,Active,Expansion
LN00628,CUST00473,BR012,Personal Loan,757776,15.8,36,2024-08-28,Active,Debt Consolidation
LN00629,CUST00080,BR007,Personal Loan,441094,15.89,12,2021-08-04,Active,Wedding
LN00630,CUST00171,BR004,Business Loan,3859357,11.07,24,2023-12-01,Closed,Expansion
LN00631,CUST00508,BR003,Business Loan,2541430,13.01,12,2021-03-21,Closed,Equipment
LN00632,CUST00561,BR007,Business Loan,1462499,12.74,60,2021-10-14,Closed,Expansion
LN00633,CUST00278,BR009,Home Loan,5832903,8.24,120,2023-06-11,Defaulted,Construction
LN00634,CUST00145,BR005,Auto Loan,934610,10.93,48,2024-02-29,Closed,New Car
LN00635,CUST00484,BR008,Business Loan,2644809,10.54,36,2023-11-30,Closed,Working Capital
LN00636,CUST00486,BR001,Education Loan,117173,9.39,48,2021-12-03,Active,Study Abroad
LN00637,CUST00006,BR005,Personal Loan,744645,12.14,24,2023-08-22,Active,Wedding
LN00638,CUST00097,BR001,Home Loan,5623363,8.33,120,2024-01-07,Active,Renovation
LN00639,CUST00573,BR015,Personal Loan,291252,15.24,24,2021-05-17,Active,Wedding
LN00640,CUST00437,BR010,Personal Loan,596646,11.48,12,2022-01-30,Active,Travel
LN00641,CUST00208,BR002,Personal Loan,371526,11.15,48,2022-06-06,Closed,Wedding
LN00642,CUST00578,BR002,Home Loan,4625785,8.99,180,2022-07-28,Active,Purchase
LN00643,CUST00339,BR010,Business Loan,856962,11.51,84,2024-08-13,Closed,Equipment
LN00644,CUST00238,BR004,Auto Loan,717187,11.3,60,2022-03-05,Active,New Car
LN00645,CUST00001,BR006,Education Loan,1987184,8.61,48,2021-10-21,Active,Domestic Study
LN00646,CUST00451,BR007,Business Loan,3876737,11.8,12,2021-10-08,Active,Equipment
LN00647,CUST00247,BR009,Personal Loan,344343,14.77,36,2023-10-22,Closed,Debt Consolidation
LN00648,CUST00320,BR014,Personal Loan,738819,15.75,48,2024-12-17,Active,Travel
LN00649,CUST00171,BR011,Personal Loan,482841,12.79,60,2025-09-21,Active,Travel
LN00650,CUST00257,BR011,Auto Loan,1223813,9.63,60,2024-02-22,Active,New Car
LN00651,CUST00026,BR014,Auto Loan,933296,9.9,60,2024-08-28,Active,Used Car
LN00652,CUST00574,BR015,Business Loan,3386166,11.34,36,2025-01-31,Active,Working Capital
LN00653,CUST00201,BR008,Personal Loan,193694,15.59,24,2025-03-12,Defaulted,Travel
LN00654,CUST00097,BR015,Personal Loan,126352,13.53,12,2024-04-15,Active,Travel
LN00655,CUST00282,BR011,Education Loan,519620,8.6,36,2024-05-27,Active,Study Abroad
LN00656,CUST00586,BR014,Personal Loan,77014,11.88,36,2022-07-16,Closed,Medical
LN00657,CUST00503,BR003,Business Loan,4373820,11.49,60,2024-05-29,Closed,Expansion
LN00658,CUST00157,BR012,Auto Loan,1435596,10.45,24,2021-03-20,Active,New Car
LN00659,CUST00123,BR001,Business Loan,2352086,12.53,24,2021-06-19,Active,Expansion
LN00660,CUST00558,BR005,Auto Loan,871707,10.9,24,2022-10-06,Active,New Car
LN00661,CUST00325,BR015,Auto Loan,567244,9.88,24,2022-11-13,Closed,New Car
LN00662,CUST00413,BR007,Education Loan,1798779,10.87,60,2023-11-24,Active,Domestic Study
LN00663,CUST00177,BR008,Home Loan,7301628,8.63,180,2025-02-01,Active,Purchase
LN00664,CUST00178,BR011,Personal Loan,635274,13.38,24,2024-11-11,Active,Medical
LN00665,CUST00478,BR010,Personal Loan,423154,12.02,60,2022-12-20,Active,Medical
LN00666,CUST00093,BR003,Auto Loan,968469,9.47,60,2021-06-30,Active,New Car
LN00667,CUST00011,BR004,Home Loan,3655170,9.28,120,2025-04-20,Active,Renovation
LN00668,CUST00253,BR005,Personal Loan,205306,11.36,12,2025-12-02,Closed,Wedding
LN00669,CUST00294,BR003,Auto Loan,289709,11.35,36,2022-09-28,Active,Used Car
LN00670,CUST00193,BR005,Home Loan,4794982,8.61,240,2023-04-28,Active,Purchase
LN00671,CUST00271,BR002,Home Loan,6770710,9.25,240,2022-06-16,Closed,Construction
LN00672,CUST00536,BR008,Personal Loan,299143,14.47,36,2022-12-16,Closed,Wedding
LN00673,CUST00216,BR012,Home Loan,6512298,8.98,360,2021-11-15,Active,Construction
LN00674,CUST00516,BR009,Personal Loan,163696,15.38,36,2022-03-01,Active,Travel
LN00675,CUST00268,BR001,Home Loan,5004114,8.42,180,2022-06-13,Active,Purchase
LN00676,CUST00331,BR006,Personal Loan,368921,11.19,24,2023-09-01,Active,Debt Consolidation
LN00677,CUST00368,BR014,Auto Loan,366226,10.91,24,2022-10-23,Closed,New Car
LN00678,CUST00103,BR003,Home Loan,1500075,8.62,360,2022-11-17,Active,Construction
LN00679,CUST00023,BR008,Personal Loan,441882,11.27,48,2024-01-25,Active,Debt Consolidation
LN00680,CUST00250,BR005,Auto Loan,1465001,9.57,60,2025-02-05,Active,Used Car
LN00681,CUST00042,BR015,Auto Loan,595458,9.76,60,2024-10-21,Active,New Car
LN00682,CUST00276,BR010,Business Loan,1382958,10.51,84,2021-08-09,Active,Expansion
LN00683,CUST00308,BR015,Auto Loan,1148148,11.42,36,2023-11-15,Active,New Car
LN00684,CUST00056,BR002,Education Loan,526157,10.16,48,2021-09-24,Closed,Study Abroad
LN00685,CUST00406,BR003,Business Loan,3786912,13.47,24,2025-06-30,Active,Expansion
LN00686,CUST00309,BR005,Home Loan,4247089,8.45,180,2022-02-15,Closed,Purchase
LN00687,CUST00251,BR003,Home Loan,3614418,9.07,180,2023-06-14,Active,Renovation
LN00688,CUST00353,BR002,Auto Loan,1261813,9.45,48,2021-01-11,Active,Used Car
LN00689,CUST00484,BR011,Personal Loan,328205,15.51,48,2024-12-02,Active,Debt Consolidation
LN00690,CUST00397,BR003,Business Loan,4091459,13.95,24,2025-04-12,Defaulted,Expansion
LN00691,CUST00290,BR014,Business Loan,3844966,11.88,24,2023-03-30,Closed,Equipment
LN00692,CUST00074,BR006,Auto Loan,967829,10.65,60,2024-05-07,Active,Used Car
LN00693,CUST00183,BR013,Auto Loan,301992,10.36,24,2022-03-31,Closed,New Car
LN00694,CUST00408,BR015,Personal Loan,581990,11.84,36,2023-10-24,Closed,Medical
LN00695,CUST00217,BR005,Auto Loan,1214821,10.46,36,2023-10-21,Active,Used Car
LN00696,CUST00155,BR005,Home Loan,7689441,8.06,360,2024-09-01,Active,Construction
LN00697,CUST00432,BR003,Personal Loan,248994,14.01,48,2021-03-13,Active,Wedding
LN00698,CUST00085,BR006,Personal Loan,272419,14.57,60,2025-09-05,Active,Medical
LN00699,CUST00165,BR006,Auto Loan,1186706,9.26,60,2025-07-04,Closed,New Car
LN00700,CUST00498,BR011,Auto Loan,868010,10.27,60,2024-11-06,Active,Used Car
LN00701,CUST00119,BR010,Personal Loan,326960,15.66,12,2022-09-13,Active,Debt Consolidation
LN00702,CUST00548,BR006,Personal Loan,670629,14.49,48,2024-12-29,Active,Medical
LN00703,CUST00082,BR003,Business Loan,3657335,12.12,60,2023-12-25,Closed,Working Capital
LN00704,CUST00466,BR007,Personal Loan,740745,14.47,60,2022-06-13,Active,Medical
LN00705,CUST00472,BR006,Personal Loan,596735,15.31,12,2021-09-06,Closed,Medical
LN00706,CUST00304,BR013,Business Loan,1588136,13.32,36,2022-06-01,Active,Working Capital
LN00707,CUST00018,BR008,Personal Loan,196430,12.73,24,2022-08-24,Active,Travel
LN00708,CUST00038,BR009,Personal Loan,301707,15.89,12,2024-05-05,Active,Debt Consolidation
LN00709,CUST00149,BR011,Home Loan,7067491,9.05,120,2024-01-01,Active,Construction
LN00710,CUST00250,BR015,Personal Loan,595292,13.81,36,2022-12-09,Defaulted,Debt Consolidation
LN00711,CUST00104,BR007,Home Loan,7656089,8.74,240,2023-02-03,Active,Renovation
LN00712,CUST00310,BR007,Education Loan,822983,8.91,36,2022-11-23,Defaulted,Study Abroad
LN00713,CUST00082,BR014,Home Loan,6610336,9.1,240,2025-01-17,Closed,Construction
LN00714,CUST00311,BR010,Education Loan,830274,8.56,48,2024-03-15,Active,Domestic Study
LN00715,CUST00221,BR013,Auto Loan,1290696,9.03,24,2023-02-06,Closed,Used Car
LN00716,CUST00047,BR010,Personal Loan,577774,15.85,24,2022-07-21,Active,Debt Consolidation
LN00717,CUST00213,BR001,Education Loan,931556,9.09,60,2022-07-13,Active,Study Abroad
LN00718,CUST00326,BR002,Auto Loan,1116332,11.04,48,2022-07-01,Active,New Car
LN00719,CUST00295,BR012,Home Loan,5051797,9.45,240,2022-03-29,Active,Renovation
LN00720,CUST00337,BR009,Auto Loan,267169,10.26,60,2024-04-19,Active,Used Car
LN00721,CUST00328,BR006,Personal Loan,588840,15.31,60,2021-01-26,Active,Debt Consolidation
LN00722,CUST00175,BR011,Home Loan,2665161,9.2,360,2022-03-08,Active,Construction
LN00723,CUST00081,BR011,Personal Loan,464530,12.98,12,2024-09-15,Closed,Debt Consolidation
LN00724,CUST00543,BR006,Auto Loan,371229,11.16,48,2021-06-20,Active,Used Car
LN00725,CUST00031,BR003,Personal Loan,167954,12.55,36,2023-07-14,Closed,Wedding
LN00726,CUST00024,BR013,Auto Loan,577059,11.18,60,2023-05-01,Defaulted,Used Car
LN00727,CUST00551,BR003,Auto Loan,1074513,10.99,60,2022-04-26,Active,Used Car
LN00728,CUST00217,BR002,Auto Loan,525608,10.56,24,2021-07-18,Active,Used Car
LN00729,CUST00411,BR009,Home Loan,5216348,9.25,180,2025-04-20,Closed,Construction
LN00730,CUST00286,BR006,Personal Loan,729565,11.06,24,2023-05-07,Defaulted,Travel
LN00731,CUST00402,BR004,Auto Loan,1076225,9.13,48,2023-10-26,Active,Used Car
LN00732,CUST00461,BR003,Personal Loan,461643,12.44,48,2022-08-10,Closed,Wedding
LN00733,CUST00476,BR011,Personal Loan,280082,12.76,12,2023-12-27,Closed,Wedding
LN00734,CUST00429,BR007,Auto Loan,1007680,9.84,24,2023-02-25,Closed,Used Car
LN00735,CUST00516,BR002,Home Loan,6262543,8.61,120,2024-06-21,Active,Renovation
LN00736,CUST00256,BR003,Auto Loan,288859,10.96,60,2021-02-16,Active,Used Car
LN00737,CUST00399,BR009,Auto Loan,571485,10.08,48,2021-02-16,Closed,New Car
LN00738,CUST00246,BR003,Business Loan,3521586,11.66,24,2023-07-27,Active,Expansion
LN00739,CUST00067,BR015,Education Loan,207512,9.43,48,2022-10-23,Active,Domestic Study
LN00740,CUST00455,BR004,Home Loan,7638915,8.96,360,2023-07-30,Active,Purchase
LN00741,CUST00340,BR014,Education Loan,1375810,10.08,36,2025-07-04,Closed,Domestic Study
LN00742,CUST00417,BR014,Home Loan,2793448,8.63,120,2021-01-15,Closed,Renovation
LN00743,CUST00267,BR015,Education Loan,1526785,8.75,84,2021-05-25,Closed,Domestic Study
LN00744,CUST00062,BR005,Auto Loan,561208,9.69,24,2023-06-18,Active,Used Car
LN00745,CUST00524,BR011,Business Loan,2330488,13.93,12,2023-01-15,Active,Equipment
LN00746,CUST00269,BR013,Personal Loan,100626,13.59,12,2021-08-01,Active,Medical
LN00747,CUST00146,BR015,Auto Loan,433174,11.43,48,2023-04-26,Closed,New Car
LN00748,CUST00076,BR008,Business Loan,832526,11.91,24,2022-06-26,Active,Equipment
LN00749,CUST00303,BR012,Personal Loan,603413,14.52,24,2025-03-31,Active,Debt Consolidation
LN00750,CUST00282,BR010,Personal Loan,367046,12.73,48,2024-12-03,Active,Medical
LN00751,CUST00227,BR015,Business Loan,2168778,11.42,24,2023-12-05,Active,Expansion
LN00752,CUST00163,BR010,Auto Loan,466932,10.21,48,2022-09-21,Defaulted,Used Car
LN00753,CUST00132,BR003,Personal Loan,251400,12.44,48,2024-10-10,Active,Travel
LN00754,CUST00217,BR010,Business Loan,3386753,13.89,36,2024-07-28,Active,Expansion
LN00755,CUST00521,BR012,Home Loan,5423641,8.12,120,2022-06-16,Active,Renovation
LN00756,CUST00160,BR010,Personal Loan,106687,15.76,60,2021-12-15,Defaulted,Travel
LN00757,CUST00174,BR014,Personal Loan,272968,11.46,48,2025-11-08,Defaulted,Debt Consolidation
LN00758,CUST00067,BR006,Home Loan,5393789,8.94,360,2021-01-30,Closed,Purchase
LN00759,CUST00123,BR011,Personal Loan,536378,12.34,24,2021-11-04,Active,Wedding
LN00760,CUST00013,BR014,Personal Loan,61333,15.83,48,2024-03-12,Defaulted,Wedding
LN00761,CUST00102,BR006,Auto Loan,526160,10.69,48,2024-09-22,Active,New Car
LN00762,CUST00082,BR013,Personal Loan,579972,14.05,60,2025-09-30,Closed,Medical
LN00763,CUST00188,BR012,Personal Loan,284680,12.36,60,2022-05-23,Active,Wedding
LN00764,CUST00273,BR009,Home Loan,5384843,9.3,360,2021-12-30,Active,Construction
LN00765,CUST00066,BR015,Home Loan,7653769,8.16,180,2025-02-10,Closed,Purchase
LN00766,CUST00600,BR013,Personal Loan,166121,15.72,12,2022-03-02,Active,Debt Consolidation
LN00767,CUST00327,BR013,Personal Loan,602401,15.41,60,2025-12-11,Closed,Medical
LN00768,CUST00203,BR002,Home Loan,2817112,8.88,120,2023-06-25,Active,Renovation
LN00769,CUST00596,BR007,Auto Loan,1111481,10.7,60,2022-09-07,Closed,New Car
LN00770,CUST00468,BR001,Auto Loan,730597,9.04,60,2025-05-12,Closed,Used Car
LN00771,CUST00181,BR006,Business Loan,3039752,11.39,84,2022-07-09,Active,Equipment
LN00772,CUST00545,BR004,Personal Loan,387690,15.79,36,2024-08-14,Active,Travel
LN00773,CUST00451,BR002,Personal Loan,349276,15.2,60,2023-10-28,Active,Wedding
LN00774,CUST00168,BR003,Personal Loan,191405,14.36,36,2023-11-10,Active,Medical
LN00775,CUST00454,BR006,Business Loan,4891932,10.86,36,2021-07-13,Defaulted,Equipment
LN00776,CUST00238,BR004,Auto Loan,210815,10.08,36,2022-02-01,Closed,Used Car
LN00777,CUST00106,BR011,Personal Loan,119469,14.74,36,2025-04-19,Active,Travel
LN00778,CUST00332,BR003,Education Loan,1837642,9.59,48,2024-03-15,Closed,Domestic Study
LN00779,CUST00161,BR006,Business Loan,1515944,12.02,24,2025-10-12,Active,Equipment
LN00780,CUST00235,BR015,Education Loan,1474550,8.52,84,2025-05-16,Closed,Study Abroad
LN00781,CUST00342,BR012,Personal Loan,492090,14.07,36,2023-01-30,Active,Travel
LN00782,CUST00577,BR007,Business Loan,3297134,11.35,36,2023-07-11,Active,Expansion
LN00783,CUST00363,BR011,Home Loan,6141342,8.14,360,2021-04-24,Defaulted,Purchase
LN00784,CUST00208,BR004,Education Loan,478613,10.69,60,2021-02-09,Closed,Study Abroad
LN00785,CUST00392,BR006,Personal Loan,604042,11.07,36,2021-02-18,Active,Wedding
LN00786,CUST00281,BR002,Business Loan,1467368,11.25,84,2023-10-28,Active,Working Capital
LN00787,CUST00482,BR001,Home Loan,3260241,8.37,240,2025-01-20,Active,Renovation
LN00788,CUST00385,BR001,Personal Loan,96894,13.29,48,2022-05-27,Active,Medical
LN00789,CUST00449,BR015,Home Loan,6262767,8.91,240,2022-07-20,Active,Construction
LN00790,CUST00333,BR013,Home Loan,5873665,8.12,180,2025-12-09,Closed,Renovation
LN00791,CUST00307,BR010,Personal Loan,763618,15.19,24,2025-11-25,Active,Wedding
LN00792,CUST00560,BR013,Auto Loan,1246617,11.06,60,2022-05-18,Active,Used Car
LN00793,CUST00070,BR014,Auto Loan,1412523,10.36,48,2024-11-13,Active,Used Car
LN00794,CUST00220,BR003,Education Loan,480535,10.04,60,2025-05-02,Active,Study Abroad
LN00795,CUST00266,BR005,Personal Loan,607161,14.69,48,2023-01-12,Active,Medical
LN00796,CUST00499,BR013,Home Loan,4889418,8.1,360,2023-05-26,Active,Purchase
LN00797,CUST00580,BR007,Business Loan,2044230,13.72,12,2023-11-16,Active,Working Capital
LN00798,CUST00290,BR010,Education Loan,1210452,9.85,60,2025-06-07,Active,Study Abroad
LN00799,CUST00572,BR013,Auto Loan,549509,9.92,24,2024-03-03,Active,New Car
LN00800,CUST00588,BR015,Personal Loan,721509,14.33,60,2025-09-30,Closed,Debt Consolidation
LN00801,CUST00442,BR014,Auto Loan,1223603,10.14,36,2025-03-20,Active,Used Car
LN00802,CUST00187,BR011,Personal Loan,522685,12.24,24,2024-08-25,Active,Travel
LN00803,CUST00589,BR005,Personal Loan,579095,13.14,48,2025-12-27,Active,Medical
LN00804,CUST00331,BR007,Auto Loan,775309,10.62,60,2021-02-08,Active,New Car
LN00805,CUST00335,BR009,Personal Loan,752210,11.32,24,2024-04-11,Closed,Debt Consolidation
LN00806,CUST00364,BR015,Auto Loan,1272166,9.73,36,2025-04-26,Closed,New Car
LN00807,CUST00104,BR001,Home Loan,4385476,8.03,180,2022-02-27,Active,Renovation
LN00808,CUST00357,BR002,Auto Loan,591359,10.26,24,2025-05-16,Active,Used Car
LN00809,CUST00311,BR003,Business Loan,564027,12.22,24,2024-09-09,Active,Expansion
LN00810,CUST00028,BR003,Education Loan,1861510,8.76,48,2022-03-21,Closed,Study Abroad
LN00811,CUST00214,BR007,Home Loan,6468864,8.61,360,2021-02-22,Active,Purchase
LN00812,CUST00390,BR010,Personal Loan,541380,12.3,48,2022-02-11,Active,Medical
LN00813,CUST00529,BR002,Home Loan,2536699,8.24,180,2023-11-04,Defaulted,Purchase
LN00814,CUST00367,BR012,Business Loan,631312,11.15,12,2023-09-29,Closed,Expansion
LN00815,CUST00369,BR008,Personal Loan,548164,15.41,24,2021-07-05,Closed,Travel
LN00816,CUST00431,BR007,Personal Loan,660594,14.43,48,2021-02-03,Active,Medical
LN00817,CUST00308,BR004,Personal Loan,132823,12.45,36,2025-09-10,Active,Medical
LN00818,CUST00282,BR012,Auto Loan,602748,9.62,60,2025-11-29,Active,Used Car
LN00819,CUST00132,BR009,Home Loan,4847536,8.8,180,2021-12-30,Closed,Purchase
LN00820,CUST00215,BR014,Home Loan,3819758,8.53,360,2025-04-11,Active,Renovation
LN00821,CUST00162,BR007,Auto Loan,1277122,10.97,48,2024-06-18,Active,New Car
LN00822,CUST00186,BR006,Home Loan,3500672,9.37,180,2025-02-28,Closed,Purchase
LN00823,CUST00414,BR011,Business Loan,4778230,11.64,12,2023-10-16,Active,Expansion
LN00824,CUST00027,BR006,Education Loan,773407,9.76,60,2024-06-27,Active,Domestic Study
LN00825,CUST00418,BR001,Business Loan,4723267,13.57,12,2025-02-14,Closed,Equipment
LN00826,CUST00162,BR002,Personal Loan,126925,12.96,60,2025-01-19,Active,Medical
LN00827,CUST00068,BR002,Personal Loan,465028,13.52,24,2021-07-08,Active,Debt Consolidation
LN00828,CUST00451,BR003,Personal Loan,195397,15.29,48,2025-10-20,Closed,Medical
LN00829,CUST00553,BR006,Personal Loan,557705,15.19,48,2022-06-11,Active,Medical
LN00830,CUST00528,BR003,Personal Loan,694073,14.74,60,2022-02-06,Active,Wedding
LN00831,CUST00414,BR005,Home Loan,4354868,8.92,120,2025-03-03,Active,Renovation
LN00832,CUST00309,BR006,Home Loan,2542375,9.01,180,2022-05-29,Active,Renovation
LN00833,CUST00336,BR007,Education Loan,440581,10.23,60,2025-04-06,Closed,Study Abroad
LN00834,CUST00395,BR011,Auto Loan,498477,9.29,24,2025-03-12,Defaulted,New Car
LN00835,CUST00035,BR014,Business Loan,1076837,10.51,24,2021-01-30,Active,Working Capital
LN00836,CUST00496,BR014,Home Loan,6171807,9.1,240,2021-01-24,Closed,Construction
LN00837,CUST00465,BR010,Home Loan,4847066,8.24,360,2023-07-15,Defaulted,Construction
LN00838,CUST00527,BR015,Personal Loan,112665,11.1,12,2025-03-06,Active,Travel
LN00839,CUST00500,BR013,Personal Loan,174311,15.45,24,2022-06-07,Active,Debt Consolidation
LN00840,CUST00065,BR013,Auto Loan,513997,9.89,48,2025-04-13,Active,Used Car
LN00841,CUST00233,BR008,Personal Loan,129009,12.11,12,2024-01-18,Active,Medical
LN00842,CUST00315,BR008,Home Loan,4874959,8.91,240,2021-09-16,Closed,Construction
LN00843,CUST00187,BR007,Auto Loan,518958,9.14,24,2025-11-11,Defaulted,New Car
LN00844,CUST00363,BR009,Home Loan,4041713,8.35,180,2025-05-09,Active,Renovation
LN00845,CUST00049,BR013,Business Loan,1331903,13.86,84,2025-10-28,Active,Equipment
LN00846,CUST00544,BR003,Personal Loan,512225,13.78,24,2024-11-21,Defaulted,Travel
LN00847,CUST00232,BR014,Home Loan,4202538,8.64,180,2024-07-24,Closed,Renovation
LN00848,CUST00051,BR007,Home Loan,5015882,9.04,360,2025-10-24,Active,Construction
LN00849,CUST00480,BR006,Personal Loan,576609,11.86,60,2023-05-13,Closed,Wedding
LN00850,CUST00570,BR011,Auto Loan,850146,10.03,48,2021-01-01,Active,Used Car
LN00851,CUST00144,BR003,Home Loan,7158425,8.95,120,2021-05-02,Closed,Construction
LN00852,CUST00430,BR007,Business Loan,2802769,10.9,24,2023-03-13,Closed,Equipment
LN00853,CUST00283,BR003,Home Loan,5436646,8.18,240,2021-05-25,Active,Construction
LN00854,CUST00283,BR013,Home Loan,3691842,8.21,180,2022-02-26,Active,Construction
LN00855,CUST00106,BR013,Home Loan,5998478,8.31,120,2023-12-03,Active,Renovation
LN00856,CUST00128,BR009,Auto Loan,709417,11.24,36,2024-09-14,Active,Used Car
LN00857,CUST00042,BR007,Home Loan,2828056,8.76,240,2025-11-28,Active,Construction
LN00858,CUST00499,BR013,Home Loan,4225265,8.03,360,2023-05-23,Closed,Construction
LN00859,CUST00372,BR004,Home Loan,6652927,8.1,120,2021-07-01,Defaulted,Renovation
LN00860,CUST00108,BR014,Personal Loan,405691,13.8,48,2023-05-14,Active,Travel
LN00861,CUST00337,BR007,Business Loan,3253604,12.91,36,2022-05-31,Closed,Equipment
LN00862,CUST00498,BR004,Business Loan,1490380,10.53,36,2021-06-20,Active,Equipment
LN00863,CUST00107,BR013,Personal Loan,592582,13.68,60,2023-06-08,Closed,Debt Consolidation
LN00864,CUST00392,BR001,Auto Loan,1286953,11.05,60,2024-05-27,Active,New Car
LN00865,CUST00245,BR006,Auto Loan,1296324,10.21,24,2024-03-24,Active,Used Car
LN00866,CUST00451,BR014,Business Loan,1868053,13.27,12,2022-12-13,Closed,Expansion
LN00867,CUST00443,BR011,Auto Loan,786682,9.46,24,2023-03-28,Closed,New Car
LN00868,CUST00337,BR002,Home Loan,7057331,9.32,180,2021-02-19,Closed,Construction
LN00869,CUST00260,BR006,Education Loan,985988,8.69,36,2025-02-02,Active,Study Abroad
LN00870,CUST00049,BR006,Personal Loan,340869,15.02,24,2022-07-21,Active,Debt Consolidation
LN00871,CUST00215,BR009,Auto Loan,1372306,9.51,48,2025-04-24,Closed,Used Car
LN00872,CUST00512,BR014,Auto Loan,287065,11.19,48,2025-05-19,Closed,New Car
LN00873,CUST00234,BR006,Personal Loan,342053,13.71,60,2024-01-08,Closed,Travel
LN00874,CUST00510,BR011,Home Loan,7792427,8.1,120,2024-08-02,Active,Purchase
LN00875,CUST00498,BR006,Business Loan,3347094,10.76,24,2022-06-27,Closed,Expansion
LN00876,CUST00173,BR006,Business Loan,2064703,13.31,36,2025-03-26,Active,Working Capital
LN00877,CUST00574,BR005,Home Loan,4317569,9.5,240,2023-11-03,Closed,Renovation
LN00878,CUST00204,BR002,Personal Loan,469294,12.61,48,2024-06-20,Closed,Medical
LN00879,CUST00349,BR009,Auto Loan,486144,9.88,60,2025-10-12,Active,Used Car
LN00880,CUST00301,BR010,Personal Loan,329399,11.34,48,2021-08-01,Closed,Medical
LN00881,CUST00252,BR009,Personal Loan,327180,13.32,24,2023-06-26,Closed,Wedding
LN00882,CUST00225,BR004,Auto Loan,1139559,10.64,48,2021-02-23,Active,New Car
LN00883,CUST00250,BR001,Personal Loan,581574,11.04,24,2021-10-25,Active,Debt Consolidation
LN00884,CUST00582,BR004,Business Loan,1323036,12.82,60,2024-02-14,Closed,Expansion
LN00885,CUST00397,BR012,Home Loan,4645930,8.01,360,2024-07-08,Closed,Construction
LN00886,CUST00442,BR006,Auto Loan,1245843,10.93,48,2025-07-04,Closed,Used Car
LN00887,CUST00079,BR012,Education Loan,1141996,8.67,48,2022-10-18,Active,Domestic Study
LN00888,CUST00132,BR002,Personal Loan,624886,13.92,24,2025-06-18,Active,Debt Consolidation
LN00889,CUST00234,BR012,Personal Loan,636469,14.76,12,2025-07-12,Closed,Travel
LN00890,CUST00055,BR008,Auto Loan,1243902,10.3,36,2023-08-11,Active,Used Car
LN00891,CUST00176,BR001,Personal Loan,155243,14.36,48,2021-05-13,Defaulted,Debt Consolidation
LN00892,CUST00152,BR002,Auto Loan,1006615,10.86,24,2022-12-13,Active,Used Car
LN00893,CUST00029,BR012,Home Loan,2604226,8.29,240,2024-03-12,Active,Renovation
LN00894,CUST00463,BR005,Personal Loan,717807,14.75,24,2023-03-23,Active,Travel
LN00895,CUST00417,BR003,Personal Loan,731171,14.79,60,2025-06-24,Closed,Travel
LN00896,CUST00367,BR010,Business Loan,3106629,12.79,84,2021-04-19,Closed,Working Capital
LN00897,CUST00424,BR012,Business Loan,4478901,12.53,12,2024-06-11,Active,Working Capital
LN00898,CUST00184,BR014,Auto Loan,1022108,9.39,36,2024-05-16,Closed,New Car
LN00899,CUST00092,BR002,Home Loan,4580487,9.07,360,2025-02-01,Active,Construction
LN00900,CUST00486,BR003,Auto Loan,552225,9.51,60,2025-07-07,Active,Used Car
LN00901,CUST00441,BR015,Home Loan,3539874,8.36,240,2022-12-29,Active,Construction
LN00902,CUST00233,BR006,Personal Loan,211184,13.12,24,2022-06-18,Active,Medical
LN00903,CUST00063,BR009,Personal Loan,730878,13.54,12,2023-12-09,Active,Medical
LN00904,CUST00542,BR001,Auto Loan,444296,9.19,24,2021-12-12,Active,New Car
LN00905,CUST00582,BR010,Personal Loan,572117,12.91,36,2021-02-26,Closed,Travel
LN00906,CUST00511,BR003,Business Loan,4162605,12.81,24,2022-01-22,Closed,Equipment
LN00907,CUST00159,BR010,Home Loan,6675569,8.41,240,2021-07-18,Closed,Construction
LN00908,CUST00182,BR009,Auto Loan,1100066,9.66,60,2024-12-17,Closed,New Car
LN00909,CUST00551,BR015,Business Loan,4713621,12.73,60,2021-03-04,Closed,Working Capital
LN00910,CUST00185,BR010,Business Loan,1825205,11.44,36,2022-08-20,Active,Equipment
LN00911,CUST00159,BR010,Home Loan,2741022,9.04,120,2023-10-17,Active,Construction
LN00912,CUST00120,BR011,Education Loan,515559,9.99,84,2025-05-25,Active,Domestic Study
LN00913,CUST00503,BR004,Personal Loan,248476,14.31,36,2021-10-17,Active,Debt Consolidation
LN00914,CUST00102,BR014,Home Loan,6797108,9.17,120,2023-09-11,Closed,Renovation
LN00915,CUST00545,BR009,Home Loan,6445533,8.28,240,2023-12-16,Closed,Construction
LN00916,CUST00459,BR013,Business Loan,715409,12.95,24,2022-08-02,Active,Working Capital
LN00917,CUST00085,BR008,Personal Loan,326260,13.16,48,2023-04-08,Active,Medical
LN00918,CUST00399,BR005,Personal Loan,73361,12.3,36,2024-02-24,Active,Debt Consolidation
LN00919,CUST00057,BR009,Education Loan,163985,10.7,60,2025-04-28,Closed,Domestic Study
LN00920,CUST00585,BR009,Home Loan,3082078,8.84,120,2022-09-21,Closed,Purchase
LN00921,CUST00311,BR007,Auto Loan,250673,10.67,24,2023-12-31,Active,New Car
LN00922,CUST00445,BR012,Personal Loan,292270,15.49,60,2021-04-18,Closed,Wedding
LN00923,CUST00191,BR015,Personal Loan,716088,12.63,12,2022-03-16,Active,Wedding
LN00924,CUST00212,BR010,Auto Loan,1371249,11.49,24,2025-01-02,Active,New Car
LN00925,CUST00120,BR015,Home Loan,6865201,9.27,360,2022-02-26,Defaulted,Construction
LN00926,CUST00339,BR003,Home Loan,3118556,8.87,180,2024-09-12,Closed,Construction
LN00927,CUST00160,BR003,Business Loan,616102,10.83,36,2025-09-12,Active,Equipment
LN00928,CUST00585,BR012,Home Loan,7992801,8.49,240,2025-12-12,Defaulted,Renovation
LN00929,CUST00426,BR014,Personal Loan,611137,15.03,36,2023-04-19,Closed,Debt Consolidation
LN00930,CUST00260,BR010,Personal Loan,693517,15.99,24,2025-07-31,Closed,Medical
LN00931,CUST00460,BR003,Auto Loan,513945,9.1,60,2021-03-27,Closed,New Car
LN00932,CUST00501,BR002,Home Loan,4172744,8.2,120,2021-08-25,Active,Purchase
LN00933,CUST00408,BR005,Personal Loan,66819,12.8,24,2025-02-24,Active,Travel
LN00934,CUST00123,BR007,Personal Loan,637803,13.83,60,2022-06-20,Active,Wedding
LN00935,CUST00037,BR008,Education Loan,694278,10.14,84,2022-02-16,Active,Study Abroad
LN00936,CUST00189,BR002,Home Loan,3008118,8.02,180,2021-03-19,Closed,Renovation
LN00937,CUST00449,BR012,Business Loan,3892460,12.68,24,2023-06-12,Closed,Working Capital
LN00938,CUST00194,BR013,Personal Loan,621726,11.19,12,2024-09-19,Defaulted,Wedding
LN00939,CUST00157,BR006,Auto Loan,1288255,10.55,24,2024-03-10,Active,Used Car
LN00940,CUST00058,BR007,Education Loan,1170451,10.06,60,2023-08-05,Active,Study Abroad
LN00941,CUST00189,BR011,Home Loan,7118816,8.88,240,2023-11-02,Active,Purchase
LN00942,CUST00072,BR014,Personal Loan,485712,15.95,48,2021-02-21,Closed,Wedding
LN00943,CUST00561,BR006,Auto Loan,1183749,10.11,48,2024-02-15,Active,New Car
LN00944,CUST00018,BR010,Home Loan,6098080,8.58,120,2023-04-20,Active,Renovation
LN00945,CUST00107,BR011,Home Loan,2987690,8.9,240,2023-01-29,Active,Purchase
LN00946,CUST00397,BR013,Home Loan,7533183,9.39,120,2024-02-27,Active,Renovation
LN00947,CUST00578,BR009,Home Loan,3722384,8.79,180,2025-04-10,Closed,Purchase
LN00948,CUST00290,BR011,Home Loan,2875633,9.49,360,2024-03-16,Closed,Renovation
LN00949,CUST00257,BR006,Personal Loan,785838,14.25,24,2024-10-30,Active,Debt Consolidation
LN00950,CUST00369,BR004,Personal Loan,653310,14.58,24,2023-07-20,Active,Wedding
LN00951,CUST00165,BR006,Personal Loan,494868,11.27,24,2023-03-07,Defaulted,Medical
LN00952,CUST00421,BR012,Personal Loan,391073,14.37,36,2021-10-22,Active,Wedding
LN00953,CUST00214,BR007,Education Loan,1387310,9.43,48,2025-09-17,Closed,Study Abroad
LN00954,CUST00398,BR008,Business Loan,4725952,11.09,60,2025-02-11,Active,Expansion
LN00955,CUST00211,BR004,Personal Loan,425269,14.45,48,2021-09-30,Closed,Wedding
LN00956,CUST00373,BR015,Auto Loan,1106276,10.62,36,2025-11-25,Closed,Used Car
LN00957,CUST00219,BR007,Personal Loan,256466,11.78,48,2023-02-07,Closed,Wedding
LN00958,CUST00423,BR001,Personal Loan,526955,14.0,60,2024-08-28,Active,Wedding
LN00959,CUST00530,BR007,Home Loan,2665814,9.06,180,2024-09-12,Active,Purchase
LN00960,CUST00582,BR011,Education Loan,964826,10.17,36,2024-11-22,Active,Domestic Study
LN00961,CUST00412,BR010,Personal Loan,678025,11.85,60,2025-04-25,Active,Wedding
LN00962,CUST00134,BR013,Home Loan,1624441,9.17,240,2023-08-18,Active,Construction
LN00963,CUST00037,BR011,Personal Loan,507273,14.5,60,2023-12-23,Closed,Medical
LN00964,CUST00055,BR006,Business Loan,4239328,13.31,12,2021-02-13,Active,Working Capital
LN00965,CUST00219,BR005,Personal Loan,770690,13.68,36,2022-02-20,Closed,Medical
LN00966,CUST00458,BR008,Personal Loan,416371,13.01,36,2024-04-09,Defaulted,Travel
LN00967,CUST00576,BR003,Auto Loan,399798,10.43,48,2022-09-14,Active,New Car
LN00968,CUST00420,BR003,Home Loan,3300581,9.38,120,2023-12-27,Defaulted,Renovation
LN00969,CUST00256,BR002,Auto Loan,958148,10.48,60,2024-12-04,Defaulted,New Car
LN00970,CUST00391,BR008,Education Loan,774356,8.63,36,2025-03-28,Active,Study Abroad
LN00971,CUST00372,BR015,Personal Loan,73807,13.12,12,2024-04-15,Closed,Debt Consolidation
LN00972,CUST00504,BR011,Auto Loan,309934,10.52,36,2023-07-06,Closed,Used Car
LN00973,CUST00182,BR003,Business Loan,4440573,13.59,12,2025-12-21,Active,Equipment
LN00974,CUST00202,BR011,Personal Loan,544284,12.06,48,2021-11-03,Active,Travel
LN00975,CUST00507,BR001,Personal Loan,697247,15.43,12,2022-12-28,Closed,Debt Consolidation
LN00976,CUST00526,BR005,Education Loan,473641,10.34,60,2025-10-10,Active,Domestic Study
LN00977,CUST00314,BR005,Personal Loan,264889,15.01,24,2021-04-17,Closed,Debt Consolidation
LN00978,CUST00470,BR011,Education Loan,1994752,8.58,60,2021-03-24,Active,Domestic Study
LN00979,CUST00011,BR012,Personal Loan,723024,14.11,12,2021-09-25,Closed,Medical
LN00980,CUST00037,BR012,Personal Loan,780036,13.33,24,2023-08-21,Active,Travel
LN00981,CUST00435,BR007,Auto Loan,1301604,9.16,48,2023-01-22,Closed,Used Car
LN00982,CUST00198,BR008,Home Loan,3679313,8.1,240,2025-01-12,Active,Construction
LN00983,CUST00327,BR014,Personal Loan,781507,15.08,48,2024-10-07,Active,Medical
LN00984,CUST00249,BR002,Home Loan,7041558,9.41,180,2025-07-10,Closed,Purchase
LN00985,CUST00090,BR014,Personal Loan,113827,12.93,24,2024-03-17,Closed,Medical
LN00986,CUST00073,BR003,Home Loan,1961726,8.32,120,2025-02-17,Closed,Renovation
LN00987,CUST00109,BR010,Auto Loan,498175,10.17,60,2024-07-16,Closed,New Car
LN00988,CUST00084,BR003,Home Loan,3245654,8.15,180,2022-02-13,Defaulted,Purchase
LN00989,CUST00239,BR004,Auto Loan,417738,9.37,24,2021-01-08,Active,New Car
LN00990,CUST00198,BR008,Auto Loan,1464999,10.9,60,2022-10-19,Closed,New Car
LN00991,CUST00481,BR005,Auto Loan,1458089,10.1,60,2024-05-24,Closed,New Car
LN00992,CUST00203,BR005,Personal Loan,258776,14.99,60,2021-01-13,Active,Wedding
LN00993,CUST00078,BR004,Business Loan,1833393,11.55,84,2022-01-23,Closed,Working Capital
LN00994,CUST00304,BR010,Business Loan,1392778,10.95,24,2021-11-29,Active,Expansion
LN00995,CUST00354,BR012,Personal Loan,242347,12.78,36,2022-03-23,Active,Wedding
LN00996,CUST00067,BR001,Personal Loan,555495,11.31,36,2022-07-31,Closed,Medical
LN00997,CUST00441,BR002,Personal Loan,207880,15.05,12,2024-06-23,Closed,Debt Consolidation
LN00998,CUST00371,BR012,Home Loan,2454992,8.51,120,2022-10-15,Closed,Renovation
LN00999,CUST00327,BR008,Auto Loan,1324056,9.39,24,2024-03-11,Active,Used Car
LN01000,CUST00501,BR006,Auto Loan,307557,10.21,60,2023-01-29,Active,New Car
